Name,Pos,Org,Top 100,Org Rk,Age,TJ Date,FB Type,FB,SL,CB,CH,CMD,RPM FB,RPM Break,Sits,Tops,FV,playerId
"Grayson Rodriguez","SP","BAL",10,2,"21.8972222",,"Tail","60 / 60","50 / 55","55 / 55","55 / 60","40 / 50",2400,2650,"90-95","97","60","sa3008130"
"Max Meyer","SP","MIA",19,1,"22.575",,"Sink/Tail","55 / 60","60 / 60","","45 / 55","30 / 45",2600,2600,"94-98","101","55","sa3014430"
"D.L. Hall","MIRP","BAL",28,3,"23.0555555",,"Tail","60 / 60","","55 / 60","55 / 60","30 / 40",2400,2500,"93-96","98","55","sa3005282"
"Asa Lacy","SP","KCR",29,2,"22.3527777",,"Rise","60 / 70","60 / 70","55 / 60","45 / 50","30 / 45",2200,2400,"93-96","98","55","sa3014423"
"Jack Leiter","SP","TEX",31,1,"21.2222222",,"Rise","55 / 60","50 / 55","55 / 55","40 / 55","30 / 55",2100,2250,"93-97","99","50",
"Reid Detmers","SP","LAA",33,1,"22.2527777",,,"50 / 55","40 / 45","65 / 70","45 / 55","45 / 60",2150,2600,"89-92","94","50","27468"
"Hunter Greene","SP","CIN",34,2,"22.175","4/9/19","Tail","60 / 65","50 / 55","","45 / 55","35 / 60",2300,2325,"95-98","103","50","sa3005315"
"Quinn Priester","SP","PIT",35,2,"21.0666666",,"Rise","55 / 55","","70 / 80","","30 / 45",2150,2500,"94-97","99","50","sa3011297"
"Sixto Sanchez","SP","MIA",36,2,"23.1944444",,"Tail","60 / 60","50 / 50","","60 / 70","50 / 55",2100,2400,"95-99","101","50","19680"
"Emerson Hancock","SP","SEA",38,3,"22.3583333",,"Tail","50 / 55","55 / 60","45 / 50","55 / 60","35 / 55",2450,2200,"93-96","97","50","sa3014456"
"Edward Cabrera","SP","MIA",40,3,"23.4888888",,"Tail","60 / 60","50 / 60","","45 / 55","45 / 50",2250,2300,"93-97","99","50","21690"
"George Kirby","SP","SEA",41,4,"23.6694444",,"Rise","60 / 60","40 / 45","50 / 50","45 / 50","55 / 70",2150,2300,"95-99","100","50","sa3011526"
"Jordan Balazovic","SP","MIN",44,2,"23.0611111",,"Rise","55 / 55","50 / 55","55 / 55","40 / 45","45 / 55",2150,2200,"91-94","96","50","sa918017"
"Matthew Liberatore","SP","STL",45,2,"21.925",,"Sink","45 / 50","45 / 55","60 / 60","50 / 55","35 / 55",2000,2800,"92-95","97","50","sa3008163"
"Roansy Contreras","SP","PIT",49,3,"21.9222222",,"Rise","50 / 55","50 / 55","","50 / 55","45 / 50",2400,2500,"92-95","96","50","22810"
"Daniel Espino","SP","CLE",50,1,"20.7611111",,"Sink/Tail","65 / 65","55 / 60","50 / 55","45 / 55","30 / 50",2250,2600,"94-97","99","50","sa3011495"
"Luis Medina","MIRP","NYY",53,3,"22.4333333",,"Tail","65 / 70","","60 / 70","45 / 55","30 / 40",2500,2350,"94-98","101","50","sa928510"
"Mick Abel","SP","PHI",54,1,"20.1416666",,"Rise/Tail","50 / 60","","50 / 60","45 / 55","25 / 55",2450,2300,"92-94","97","50","sa3014534"
"Matt Allan","SP","NYM",56,4,"20.4777777",,"Rise","55 / 60","","55 / 70","45 / 60","30 / 45",2450,2600,"93-96","97","50","sa3011740"
"Shane Baz","SIRP","TBR",59,3,"22.3111111",,"Rise","60 / 60","50 / 50","50 / 50","55 / 60","45 / 50",2600,2550,"92-97","100","50","22264"
"Cade Cavalli","SP","WSN",60,2,"23.1527777",,"Rise/Tail","70 / 70","45 / 50","","60 / 70","30 / 45",2300,2300,"93-97","101","50","sa3014421"
"Slade Cecconi","SP","ARI",68,4,"22.2916666",,"Rise/Tail","55 / 60","55 / 60","50 / 55","40 / 45","35 / 50",,,"92-96","97","50","sa3014739"
"Miguel Yajure","SP","PIT",69,5,"23.4388888","11/22/16","Cut/Rise","50 / 55","","50 / 50","50 / 55","50 / 60",2250,2600,"91-95","97","50","21111"
"Deivi Garcia","SP","NYY",80,5,"22.3888888",,"Rise","50 / 50","45 / 50","60 / 60","55 / 60","50 / 55",2200,2700,"91-95","97","50","20276"
"Jhoan Duran","SP","MIN",81,4,"23.7527777",,"Sink","60 / 60","","50 / 55","45 / 50","40 / 45",1800,2700,"95-99","101","50","sa873347"
"Gregory Santos","MIRP","SFG",84,5,"22.1138888",,"Cut","60 / 60","60 / 70","","45 / 50","30 / 45",2450,2650,"93-98","100","50","21894"
"Simeon Woods Richardson","SP","MIN",85,5,"21.0333333",,"Cut/Rise","50 / 55","","50 / 50","55 / 60","40 / 55",2300,2350,"90-94","97","50","sa3008423"
"Nick Lodolo","SP","CIN",89,4,"23.6777777",,"Tail","45 / 50","","55 / 55","50 / 55","45 / 55",2250,2400,"91-94","96","50","sa917947"
"Tahnaj Thomas","SP","PIT",90,7,"22.3138888",,"Rise","70 / 80","45 / 55","","30 / 40","35 / 60",2300,2400,"93-98","100","50","sa3003066"
"Hunter Brown","SP","HOU",93,3,"23.1111111",,"Cut/Rise","60 / 60","50 / 55","60 / 70","40 / 50","30 / 45",2300,2500,"92-95","97","50","sa3010571"
"Seth Johnson","SP","TBR",94,6,"23.0555555",,"Rise","55 / 60","50 / 60","45 / 50","40 / 45","30 / 50",2400,2650,"92-97","99","50","sa3011342"
"Aaron Ashby","MIRP","MIL",96,1,"23.375",,"Tail","55 / 60","55 / 60","55 / 60","45 / 50","30 / 40",2050,2300,"94-97","98","50","23550"
"Matt Canterino","MIRP","MIN",97,6,"23.8194444",,"Cut/Rise","50 / 55","55 / 60","50 / 55","55 / 60","40 / 45",2200,2450,"90-93","95","50","sa3011530"
"MacKenzie Gore","SP","SDP",101,4,"22.625",,"Rise","60 / 60","50 / 55","50 / 50","50 / 60","40 / 55",2150,2000,"91-95","97","50","sa3005068"
"Bryan Mata","MIRP","BOS",,5,"22.4333333",,"Sink","60 / 60","45 / 45","50 / 50","55 / 60","40 / 50",2500,2600,"93-96","99","45+","sa917784"
"Jackson Jobe","SP","DET",,4,"18.9472222",,"Tail","50 / 55","55 / 60","","45 / 55","20 / 50",,,"93-95","96","45+",
"Cole Winn","SP","TEX",,5,"21.8722222",,,"50 / 55","45 / 50","50 / 55","50 / 55","35 / 50",2350,2500,"92-94","96","45+","sa3008662"
"Brailyn Marquez","SIRP","CHC",,6,"22.6916666",,"Sink/Tail","70 / 80","45 / 45","","50 / 55","30 / 35",2250,2250,"93-97","100","45+","21896"
"Alec Marsh","SP","KCR",,3,"23.4027777",,,"60 / 60","50 / 55","50 / 50","45 / 50","35 / 50",2400,2350,"94-97","100","45+","sa1159950"
"Jackson Rutledge","SP","WSN",,5,"22.5222222",,,"70 / 70","60 / 70","45 / 50","45 / 50","30 / 40",2450,2350,"95-98","101","45+","sa3011338"
"Kyle Harrison","SP","SFG",,8,"20.1583333",,"Tail","50 / 55","45 / 50","","45 / 60","25 / 55",,,"90-92","94","45+","sa3014513"
"Clarke Schmidt","SP","NYY",,7,"25.6361111","5/3/17","Sink","60 / 60","","70 / 70","40 / 45","45 / 45",2350,3000,"91-95","96","45+","19899"
"Yoendrys Gomez","SP","NYY",,8,"21.9833333",,"Rise/Tail","55 / 60","","50 / 55","40 / 50","40 / 55",2500,2550,"93-96","98","45+","sa3004650"
"Blake Walston","SP","ARI",,7,"20.2805555",,"Rise","40 / 45","40 / 45","55 / 70","45 / 55","25 / 55",2150,,"88-92","93","45+","sa3011814"
"Lyon Richardson","SP","CIN",,5,"21.725",,"Rise","45 / 50","45 / 50","50 / 50","45 / 55","45 / 55",2250,2500,"89-93","95","45+","sa3007727"
"Ryan Pepiot","MIRP","LAD",,5,"24.1333333",,"Rise","55 / 60","","50 / 55","60 / 70","35 / 45",2450,2800,"90-93","94","45+","sa3011244"
"Clayton Beeter","SIRP","LAD",,6,"23","10/1/17","Rise","70 / 70","70 / 70","60 / 60","30 / 40","30 / 40",2550,2800,"94-97","98","45+","sa3014536"
"Bobby Miller","SP","LAD",,7,"22.5111111",,"Sink","60 / 65","55 / 60","","45 / 55","30 / 45",2200,2350,"92-96","98","45+","sa3014422"
"JJ Goss","SP","TBR",,10,"20.7888888",,"Tail","50 / 55","50 / 55","","","35 / 55",2600,2400,"91-94","96","45+","sa3011420"
"Bubba Chandler","SS/SP","PIT",,10,"18.825",,"Rise","35 / 55","","45 / 55","35 / 50","25 / 55",,,"88-91","92","45","sa3017428"
"Brennan Malone","SP","PIT",,12,"21.0861111",,"Sink","55 / 60","50 / 55","50 / 55","40 / 50","35 / 50",2300,2300,"92-96","99","45","sa3011741"
"Noah Song","SP","BOS",,7,"24.3638888",,"Rise/Tail","55 / 60","50 / 55","50 / 55","40 / 45","40 / 50",2350,2500,"93-95","99","45","sa3011695"
"Cody Bolton","SP","PIT",,14,"23.3055555",,"Sink","50 / 50","55 / 55","","50 / 50","50 / 50",2450,2600,"92-95","97","45","sa3004975"
"Connor Seabold","SP","BOS",,8,"25.7083333",,"Rise","45 / 50","50 / 50","45 / 45","55 / 60","55 / 60",,,"90-93","94","45","19695"
"Wilkelman Gonzalez","SP","BOS",,9,"19.2944444",,"Rise/Tail","55 / 60","50 / 55","","55 / 60","25 / 50",,2900,"94-96","98","45","sa3008687"
"Reese Olson","SP","DET",,7,"22.1916666",,"Rise","55 / 60","60 / 60","50 / 55","60 / 60","30 / 40",,,"93-96","97","45","sa3008513"
"Ty Madden","SP","DET",,8,"21.3888888",,"Rise","50 / 55","55 / 60","45 / 45","40 / 50","35 / 55",,,"91-95","98","45",
"Yerry Rodriguez","SP","TEX",,9,"23.9833333",,"Tail","50 / 55","50 / 55","","50 / 55","45 / 50",2500,2700,"92-96","98","45","sa918130"
"Joey Wentz","SP","DET",,9,"24.0083333","3/17/20","Cut/Rise","45 / 45","","45 / 50","55 / 60","45 / 55",2350,2350,"88-92","94","45","sa917946"
"Ethan Small","SP","MIL",,5,"24.6527777","1/1/16","RIse","50 / 55","","40 / 45","55 / 60","45 / 55",2200,2400,"91-94","96","45","sa3011621"
"Abner Uribe","SIRP","MIL",,9,"21.3027777",,"Rise/Tail","80 / 80","55 / 60","","","30 / 40",,,"98-101","103","45","sa3008177"
"Jairo Solis","SP","HOU",,4,"21.7972222","6/28/21*","Cut/Rise","60 / 60","50 / 50","60 / 60","45 / 55","30 / 45",2300,2500,"92-95","97","45","sa3003037"
"Ethan Elliott","SP","SDP",,5,"24.4472222",,,"45 / 45","45 / 50","","55 / 60","45 / 60",,,"88-92","93","45","sa3010380"
"Jordan Wicks","SP","CHC",,9,"21.8611111",,"Rise","40 / 45","45 / 50","40 / 45","60 / 70","35 / 60",2300,2350,"88-92","93","45","sa3017894"
"Alexander Vizcaino","SIRP","CHC",,12,"24.3805555",,"Tail","60 / 60","45 / 50","","60 / 70","30 / 35",2150,2500,"93-97","98","45","sa920272"
"Drew Strotman","SP","MIN",,7,"25.1","6/1/18",,"50 / 55","","50 / 55","30 / 40","45 / 50",2200,2550,"92-95","97","45","sa3004584"
"Josh Winder","SP","MIN",,9,"24.9944444",,"Rise","50 / 55","50 / 50","45 / 50","45 / 50","40 / 45",2150,2400,"91-93","96","45","sa3007993"
"Joe Ryan","MIRP","MIN",,10,"25.3444444",,"Rise","60 / 60","","50 / 50","45 / 50","50 / 60",2200,2550,"90-94","96","45","21390"
"Gunnar Hoglund","SP","TOR",,4,"21.5666666",,"Tail","50 / 50","60 / 60","","40 / 50","35 / 70",,,"90-94","96","45",
"Jackson Kowar","SIRP","KCR",,7,"25.0138888",,"Tail","55 / 60","","45 / 45","70 / 70","40 / 45",2300,2400,"93-96","98","45","21549"
"Angel Zerpa","SP","KCR",,10,"22.0333333",,"Tail","40 / 40","","50 / 55","55 / 60","35 / 60",,,"91-93","94","45","22717"
"Adam Macko","SP","SEA",,6,"20.775",,"Rise","55 / 60","55 / 55","55 / 60","","30 / 45",2400,2800,"94-96","98","45","sa3011555"
"Matt Brash","MIRP","SEA",,7,"23.4083333",,"Rise/Tail","55 / 60","55 / 60","50 / 55","40 / 45","30 / 45",,,"94-98","100","45","sa3010616"
"Juan Then","SP","SEA",,8,"21.6722222",,"Tail","55 / 60","55 / 60","","40 / 50","40 / 50",2400,2450,"93-96","98","45","sa3002793"
"J.T. Ginn","SP","NYM",,6,"22.3861111",,,"50 / 55","55 / 60","","45 / 50","35 / 50",2150,2400,"91-94","96","45","sa3014428"
"Jared Kelley","SP","CHW",,1,"20.0166666",,"Sink","55 / 60","","40 / 45","60 / 70","25 / 50",2300,2100,"92-96","99","45","sa3014471"
"Sam Bachman","SIRP","LAA",,4,"21.7805555",,"Tail","65 / 65","55 / 60","","35 / 40","30 / 40",2200,2350,"95-99","101","45","sa3017261"
"Seth Corry","MIRP","SFG",,10,"22.9333333",,"Sink","50 / 55","","55 / 60","50 / 50","35 / 40",2200,2600,"90-94","95","45","sa3004648"
"Ken Waldichuk","MIRP","NYY",,10,"23.7527777",,"Rise/Tail","45 / 55","45 / 50","","45 / 50","45 / 50",2400,2200,"90-94","95","45","sa1115814"
"Tristan Beck","SP","SFG",,12,"25.2916666",,"Rise","50 / 50","45 / 45","55 / 55","55 / 55","40 / 45",2250,2400,"89-94","95","45","sa3008526"
"Luis Gil","SIRP","NYY",,12,"23.35",,"Rise","70 / 70","50 / 50","","40 / 45","40 / 45",2550,2750,"93-97","99","45","21052"
"Corbin Martin","SP","ARI",,8,"25.7805555","7/4/19","Rise","45 / 50","55 / 55","55 / 55","50 / 55","50 / 55",2400,2650,"93-95","98","45","19884"
"Drey Jameson","SP","ARI",,9,"24.1444444",,"Tail","55 / 60","50 / 50","55 / 60","45 / 50","30 / 45",2300,2550,"93-96","98","45","sa3011652"
"Bryce Jarvis","SP","ARI",,10,"23.7861111",,"Rise","50 / 55","50 / 55","45 / 50","50 / 55","35 / 60",2200,2200,"92-94","97","45","sa3014437"
"Ryne Nelson","MIRP","ARI",,11,"23.6888888",,"Cut/Rise","60 / 60","55 / 60","50 / 55","40 / 50","30 / 40",2150,2500,"93-96","97","45","sa3011524"
"Luis Frias","SIRP","ARI",,12,"23.3777777",,"Sink","55 / 55","45 / 50","45 / 50","","30 / 40",2350,2350,"93-97","99","45","21997"
"Tommy Henry","SP","ARI",,13,"24.1944444",,"Rise","45 / 50","50 / 55","","50 / 55","35 / 50",2300,2150,"88-92","93","45","sa3011673"
"Matt Tabor","SP","ARI",,14,"23.2361111",,"Rise/Tail","45 / 45","","50 / 55","55 / 60","35 / 50",2450,2450,"90-93","94","45","sa3005334"
"Daulton Jefferies","SP","OAK",,3,"26.1861111","4/26/17",,"45 / 45","50 / 50","","60 / 60","60 / 60",2300,2450,"91-94","95","45","19345"
"A.J. Puk","SP","OAK",,4,"26.4555555","4/10/18","Rise","50 / 55","60 / 60","50 / 55","55 / 60","40 / 45",2250,2250,"94-97","99","45","19343"
"Zack Thompson","SP","STL",,5,"23.9472222",,"Sink","40 / 45","45 / 50","60 / 60","","45 / 50",2050,2900,"91-94","97","45","sa3011128"
"Masyn Winn","SIRP/SS","STL",,6,"19.55",,,"60 / 70","","60 / 70","30 / 50","20 / 40",,,"93-96","98","45","sa3014506"
"Andre Jackson","SP","LAD",,10,"25.4388888","11/1/16","Rise","50 / 50","","45 / 45","55 / 60","50 / 55",2400,2400,"90-93","95","45","21298"
"Kyle Muller","MIRP","ATL",,5,"24.0055555",,"Rise","70 / 70","55 / 60","55 / 55","45 / 45","30 / 35",2600,2200,"95-96","98","45","20167"
"Gavin Williams","SP","CLE",,8,"21.9583333",,"Sink","60 / 60","45 / 50","50 / 55","","30 / 50",,,"95-98","101","45",
"Jared Shuster","SP","ATL",,6,"23.1833333",,"Rise","55 / 60","45 / 50","","55 / 60","30 / 45",2300,2100,"93-95","97","45","sa3014483"
"Lenny Torres","SP","CLE",,9,"20.9833333","5/15/19","Tail","60 / 60","50 / 60","","40 / 50","40 / 50",2250,2400,"92-95","97","45","sa3008329"
"Ryan Cusick","SIRP","ATL",,7,"21.6638888",,"Rise/Tail","70 / 70","","60 / 60","","30 / 35",2400,2200,"94-97","100","45","sa3017385"
"Ethan Hankins","SP","CLE",,12,"21.3777777",,"Tail","55 / 60","50 / 55","50 / 50","45 / 50","30 / 50",2350,2500,"92-95","97","45","sa3008589"
"Joey Cantillo","SP","CLE",,14,"21.8083333",,"Rise","45 / 50","","40 / 45","55 / 60","40 / 55",2000,2400,"87-90","92","45","sa3005246"
"Francisco Morales","SIRP","PHI",,3,"21.95",,"Tail","55 / 60","60 / 70","","35 / 45","30 / 45",2500,2400,"93-96","98","45","sa3004581"
"Andrew Painter","SP","PHI",,5,"18.2527777",,"Sink","50 / 60","50 / 55","45 / 50","30 / 45","25 / 50",,,"93-96","98","45","sa3017880"
"Hans Crouse","SIRP","PHI",,6,"23.0666666",,,"60 / 60","","60 / 60","45 / 50","40 / 40",2500,2700,"94-97","98","45","22192"
"Erik Miller","MIRP","PHI",,7,"23.6555555",,"Sink","45 / 50","50 / 55","50 / 55","55 / 60","30 / 50",2350,2750,"90-95","96","45","sa3011336"
"Cole Wilcox","SP","TBR",,13,"22.2361111",,"Sink/Tail","55 / 60","55 / 60","","45 / 55","35 / 45",2100,2100,"93-97","100","45","sa3014443"
"Kyle Bradish","SIRP","BAL",,9,"25.075",,"Rise","50 / 50","50 / 50","55 / 55","45 / 50","30 / 40",2250,2550,"92-94","97","45","sa3008605"
"Nick Bitsko","SP","TBR",,14,"19.3138888",,"Rise","50 / 60","","50 / 60","35 / 50","25 / 50",,,"92-95","97","45","sa3014476"
"Mike Baumann","SP","BAL",,10,"26.0805555",,"Rise","60 / 60","50 / 50","50 / 50","40 / 45","40 / 45",2350,2400,"92-95","97","45","20206"
"Chris McMahon","SP","COL",,6,"22.6805555",,"Tail","50 / 55","50 / 55","","45 / 55","35 / 50",,,"92-95","97","45","sa3014429"
"Eury Perez","SP","MIA",,8,"18.4833333",,"Tail","45 / 60","","45 / 50","45 / 60","25 / 55",,,"91-94","95","45","sa3014807"
"Dax Fulton","SP","MIA",,9,"19.9805555",,,"50 / 60","","55 / 60","40 / 50","20 / 50",,,"91-95","96","45","sa3014535"
"Anthony Solometo","SP","PIT",,16,"18.6083333",,"Tail","40 / 50","55 / 60","","","25 / 60",,,"87-90","94","40+",
"Jared Jones","SIRP","PIT",,17,"20.175",,"Rise","60 / 60","50 / 60","55 / 55","40 / 50","20 / 35",2550,2600,"93-97","99","40+","sa3014459"
"Eduard Bazardo","SIRP","BOS",,11,"26.1055555",,"Rise","55 / 60","","70 / 70","","30 / 35",2250,2900,"94-96","98","40+","20997"
"Carmen Mlodzinski","SP","PIT",,18,"22.6388888",,"Sink","55 / 60","50 / 50","","40 / 45","35 / 50",2000,2400,"93-97","98","40+","sa3014505"
"Brayan Bello","SIRP","BOS",,12,"22.3944444",,"Tail","55 / 60","40 / 45","","55 / 60","30 / 40",2250,2400,"92-95","98","40+","sa3005436"
"Jay Groome","SP","BOS",,13,"23.1277777","5/15/18","Rise","50 / 50","40 / 45","55 / 55","45 / 50","40 / 50",2250,2500,"92-94","95","40+","sa917925"
"Thaddeus Ward","MIRP","BOS",,15,"24.7305555",,"Tail","45 / 50","50 / 55","45 / 45","40 / 45","40 / 45",2250,2700,"90-94","96","40+","sa3008098"
"Brandon Walter","MIRP","BOS",,16,"25.0861111",,"Tail","55 / 55","45 / 50","","50 / 55","40 / 50",2300,2800,"92-95","96","40+","sa3010826"
"Owen White","SP","TEX",,14,"22.1666666",,,"45 / 50","","55 / 60","45 / 55","30 / 50",2300,2500,"92-95","96","40+","sa3014481"
"Jose Soriano","SIRP","PIT",,27,"22.9694444","2/6/20","Rise","55 / 60","","50 / 55","30 / 40","30 / 40",2250,2300,"93-97","99","40+","sa916702"
"Justin Slaten","MIRP","TEX",,15,"24.0666666",,,"55 / 55","60 / 70","","45 / 50","35 / 45",2300,2400,"92-96","97","40+","sa3010309"
"Ronny Henriquez","SP","TEX",,16,"21.3027777",,,"55 / 55","40 / 45","","50 / 60","35 / 55",2400,2350,"93-96","97","40+","sa3005835"
"Eddy Yean","SP","PIT",,29,"20.2888888",,"Tail","50 / 60","50 / 55","","45 / 55","25 / 50",2300,2350,"91-94","96","40+","sa3006543"
"A.J. Alexy","SIRP","TEX",,19,"23.4666666",,"Rise","60 / 60","","55 / 60","40 / 45","30 / 35",2250,2400,"93-97","99","40+","22343"
"Ricky Vanasco","MIRP","TEX",,22,"22.9888888","44095","Rise","55 / 60","","60 / 70","","35 / 40",2250,,"92-96","98","40+","sa3004863"
"Dane Acker","SP","TEX",,23,"22.5222222",,,"55 / 60","45 / 50","45 / 50","40 / 45","30 / 45",,,"92-97","99","40+","sa3014924"
"Avery Weems","MIRP","TEX",,24,"24.3416666",,"Tail","50 / 50","","55 / 60","45 / 50","30 / 40",,,"92-94","96","40+","sa3010256"
"Emiliano Teodo","SIRP","TEX",,25,"20.6527777",,,"70 / 70","","55 / 60","","30 / 40",,,"97-101","102","40+","sa3015158"
"Antoine Kelly","SIRP","MIL",,17,"21.8444444",,"Tail","60 / 65","40 / 50","","30 / 45","30 / 50",2250,2250,"93-96","98","40+","sa3011135"
"Max Lazar","SP","MIL",,20,"22.35","1/1/21","Rise","40 / 50","","40 / 45","55 / 60","45 / 55",2100,,"86-89","91","40+","sa3005163"
"Peter Solomon","SP","HOU",,7,"25.1472222","6/1/19",,"50 / 50","50 / 50","50 / 50","55 / 60","40 / 45",2350,2550,"90-94","95","40+","20476"
"Tyler Ivey","MIRP","HOU",,8,"25.4083333",,"Rise","55 / 55","45 / 50","60 / 60","45 / 50","40 / 40",2350,2700,"90-92","95","40+","20237"
"Forrest Whitley","MIRP","HOU",,9,"24.0666666","3/17/21","Rise","60 / 60","55 / 55","60 / 60","60 / 60","30 / 40",2500,2900,"93-97","99","40+","sa917930"
"Shawn Dubin","SIRP","HOU",,12,"26.0916666",,"Rise","55 / 55","60 / 60","50 / 50","","40 / 40",2300,2750,"92-95","97","40+","sa3007248"
"Justin Lange","SP","SDP",,6,"20.0777777",,,"55 / 60","40 / 50","","40 / 50","20 / 45",,,"92-97","100","40+","sa3014517"
"Reiss Knehr","MIRP","SDP",,7,"24.9333333",,"Tail","45 / 50","45 / 50","","50 / 55","40 / 45",,,"91-94","95","40+","21541"
"Ryan Jensen","MIRP","CHC",,16,"23.8777777",,"Sink/Tail","70 / 70","45 / 50","","45 / 50","40 / 50",2550,2450,"93-96","99","40+","sa3011496"
"Chase Petty","SIRP","MIN",,13,"18.2694444",,"Tail","60 / 60","60 / 70","","","20 / 45",,,"93-96","100","40+",
"Burl Carraway","SIRP","CHC",,22,"22.3666666",,"Rise","65 / 70","","70 / 70","","30 / 35",2450,2850,"94-97","98","40+","sa3014495"
"Kohl Franklin","SP","CHC",,23,"22.0833333",,,"45 / 50","","50 / 55","55 / 60","35 / 50",2200,2700,"90-93","95","40+","sa3008335"
"Cole Sands","SP","MIN",,17,"24.2277777",,"Tail","50 / 55","","55 / 55","45 / 50","40 / 45",2450,3000,"91-94","96","40+","sa3008611"
"CJ Van Eyk","SP","TOR",,6,"23.0666666",,"Rise","50 / 50","50 / 55","45 / 50","50 / 55","30 / 45",2250,,"91-94","96","40+","sa3014713"
"Caleb Kilian","SP","CHC",,25,"24.3527777",,"Tail","45 / 45","45 / 50","45 / 50","45 / 50","60 / 70",,,"91-93",,"40+","sa3011773"
"Julian Merryweather","SIRP","TOR",,8,"29.9861111","3/10/18","Rise","70 / 70","50 / 50","45 / 45","60 / 60","45 / 45",2200,2550,"96-98","99","40+","16703"
"Riley Thompson","MIRP","CHC",,26,"25.25","6/1/15",,"50 / 55","","55 / 60","45 / 45","40 / 45",2350,3000,"92-94","96","40+","sa876287"
"Sem Robberse","SP","TOR",,9,"19.9916666",,"Rise","45 / 50","20 / 50","50 / 55","20 / 50","30 / 50",2400,2500,"88-81","93","40+","sa3011735"
"Ben Leeper","SIRP","CHC",,27,"24.3166666",,"Rise","65 / 70","55 / 60","","","30 / 35",2350,2650,"95-98","99","40+","sa3014907"
"Anderson Espinoza","MIRP","CHC",,29,"23.5833333","4/22/19*",,"55 / 55","","55 / 55","50 / 55","30 / 40",2200,2750,"93-96","97","40+","sa872856"
"Daniel Palencia","SP","CHC",,30,"21.6777777",,,"60 / 60","","50 / 55","","30 / 45",,,"96-98","99","40+","sa3015122"
"Frank Mozzicato","SP","KCR",,11,"18.0611111",,"Rise","45 / 50","","55 / 65","40 / 50","40 / 55",,,"88-92","94","40+",
"Jonathan Bowlan","SP","KCR",,13,"24.8555555",,"Sink","50 / 55","50 / 55","","40 / 45","50 / 60",2250,2300,"91-95","97","40+","sa3006973"
"John McMillon","SIRP","KCR",,14,"23.7",,"Rise","60 / 70","50 / 55","","","30 / 35",2300,2100,"94-96","97","40+","sa3015344"
"Austin Cox","MIRP","KCR",,15,"24.5305555",,"Rise","45 / 50","50 / 50","50 / 50","50 / 55","30 / 40",2200,2450,"89-93","95","40+","sa3007777"
"Ben Kudrna","SP","KCR",,16,"18.4472222",,"Sink/Tail","40 / 50","","45 / 55","45 / 50","20 / 45",,,"91-95","96","40+",
"Brandon Williamson","MIRP","SEA",,9,"23.5194444",,"Rise","55 / 55","50 / 55","55 / 60","45 / 50","35 / 40",2250,2650,"92-95","97","40+","sa3011494"
"Wyatt Mills","SIRP","SEA",,10,"26.7055555",,"Sink/Tail","50 / 50","55 / 55","","45 / 50","50 / 55",2050,2550,"92-94","95","40+","20010"
"Andry Lara","SP","WSN",,7,"18.7583333",,,"45 / 55","50 / 55","","40 / 50","25 / 55",,,"89-93","96","40+","sa3014716"
"Aldo Ramirez","SP","WSN",,8,"20.425",,"Rise","45 / 50","45 / 50","","45 / 55","35 / 60",2150,2200,"90-95","96","40+","sa3005371"
"Gerardo Carrillo","SIRP","WSN",,10,"23.0722222",,"Sink/Tail","60 / 65","50 / 55","50 / 50","45 / 55","30 / 40",2300,2650,"93-96","99","40+","sa3002790"
"Seth Romero","MIRP","WSN",,11,"25.4722222","8/30/18","Sink","45 / 50","55 / 60","","55 / 60","40 / 40",2300,2300,"91-93","96","40+","21333"
"Matt Cronin","SIRP","WSN",,12,"24.0527777",,"Rise","60 / 65","","55 / 60","40 / 45","40 / 45",2400,2550,"93-95","96","40+","sa3011463"
"Cole Henry","SIRP","WSN",,14,"22.2333333",,"Tail","55 / 60","","50 / 60","40 / 50","30 / 45",2450,2400,"91-96","96","40+","sa3014446"
"Will Bednar","SP","SFG",,13,"21.0777777",,"Tail","50 / 55","55 / 60","50 / 55","","30 / 40",2300,2700,"90-93","96","40+","sa3017844"
"Jack Kochanowicz","SP","LAA",,8,"20.7972222",,"Rise","45 / 50","","50 / 60","45 / 50","30 / 50",2250,2600,"88-92","94","40+","sa3014539"
"Manuel Mercedes","SP","SFG",,14,"19.05",,"Tail","50 / 60","40 / 50","","35 / 60","20 / 45",,,"94-97","98","40+","sa3015214"
"Ky Bush","SIRP","LAA",,9,"21.6638888",,"Rise","55 / 60","55 / 60","45 / 45","","30 / 40",,,"92-95","96","40+","sa3017386"
"T.J. Sikkema","SP","NYY",,13,"23.2055555",,"Tail","45 / 50","50 / 55","","40 / 50","45 / 60",2250,2300,"90-94","95","40+","sa3011191"
"Matt Mikulski","MIRP","SFG",,15,"22.175",,"Tail","55 / 60","45 / 50","45 / 45","60 / 70","30 / 45",,,"93-97","100","40+","sa3017874"
"Camilo Doval","SIRP","SFG",,16,"24.2638888",,"Cut","","55 / 55","","","20 / 30",2750,2700,"93-98","99","40+","21992"
"William Holmes","SP","LAA",,11,"20.8",,"Tail","45 / 50","45 / 55","","45 / 55","30 / 50",2450,,"88-94","95","40+","sa3007744"
"Stephen Ridings","SIRP","NYY",,17,"26.1527777",,"Sink","70 / 70","55 / 55","","","45 / 45",2300,2200,"96-98","100","40+","22358"
"Nick Swiney","SP","SFG",,19,"22.6583333",,"Rise","40 / 45","","50 / 55","50 / 55","35 / 55",2050,2700,"88-92","93","40+","sa3014542"
"Sam Delaplane","SIRP","SFG",,21,"26.5333333","4/13/20","Rise","60 / 60","70 / 70","","","40 / 45",2150,2800,"92-95","97","40+","sa3004222"
"Blake Rivera","SIRP","SFG",,22,"23.75",,"Cut","55 / 55","","70 / 70","40 / 40","40 / 40",2600,2800,"92-96","97","40+","sa3008261"
"Levi Kelly","MIRP","ARI",,15,"22.4027777",,"Rise","45 / 50","60 / 70","50 / 50","","30 / 40",2250,2500,"90-94","96","40+","sa3008500"
"Sean Hjelle","SP","SFG",,23,"24.4222222",,"None","50 / 50","","45 / 50","45 / 50","45 / 55",2500,2200,"91-94","96","40+","sa3007989"
"Kervin Castro","SIRP","SFG",,24,"22.6722222","5/1/17","Rise","60 / 60","","50 / 55","","30 / 40",2250,,"93-96","98","40+","21656"
"Brandon Pfaadt","SIRP","ARI",,17,"22.9833333",,"Rise","45 / 50","55 / 60","55 / 55","","30 / 50",,,"91-95","96","40+","sa3014983"
"Christian Roa","SP","CIN",,10,"22.5194444",,"Rise","50 / 50","50 / 50","55 / 55","50 / 55","35 / 50",2200,2300,"92-93","96","40+","sa3014477"
"Jhosmer Alvarez","SIRP","ARI",,19,"20.2777777",,"Rise","50 / 55","","40 / 45","","35 / 40",2100,2200,"92-96","98","40+","sa3005437"
"Justin Martinez","SP","ARI",,20,"20.1916666",,"Tail","55 / 60","45 / 50","","40 / 50","30 / 50",2350,2300,"92-96","98","40+","sa3005864"
"Jared Solomon","SIRP","CIN",,13,"24.3305555","11/22/20","Tail","70 / 70","60 / 60","","","40 / 45",2350,2500,"96-98","99","40+","sa3004589"
"Tony Santillan","SIRP","CIN",,15,"24.4833333",,"Tail","50 / 50","55 / 55","","45 / 50","40 / 45",2200,2600,"91-94","96","40+","19926"
"Jeff Criswell","SP","OAK",,8,"22.5805555",,,"55 / 60","55 / 60","45 / 50","40 / 45","30 / 40",2250,2400,"92-95","97","40+","sa3014435"
"Colin Peluse","MIRP","OAK",,9,"23.3277777",,,"55 / 60","55 / 60","","45 / 55","30 / 45",,,"93-96","97","40+","sa3011126"
"Michael McGreevy","SP","STL",,8,"21.0083333",,"Sink/Tail","45 / 55","45 / 55","45 / 50","30 / 40","30 / 50",2100,2450,"91-94","96","40+","sa3017598"
"Tink Hence","SP","STL",,12,"19.175",,"Rise","45 / 55","","50 / 60","40 / 50","25 / 55",,,"90-94","96","40+","sa3014709"
"Maddux Bruns","SIRP","LAD",,13,"19.0583333",,"Rise","50 / 60","","50 / 60","30 / 40","20 / 45",,,"91-95","97","40+","sa3017782"
"Ian Bedell","SP","STL",,13,"22.0944444",,"Rise/Tail","40 / 50","","55 / 60","40 / 50","35 / 60",,,"88-93","94","40+","sa3014538"
"Michael Grove","MIRP","LAD",,14,"24.8083333","5/1/17","Rise","55 / 60","45 / 50","55 / 55","40 / 40","45 / 50",2300,2500,"90-93","95","40+","sa3008625"
"Tucker Davidson","MIRP","ATL",,9,"25.5388888",,"Rise","45 / 55","50 / 55","55 / 55","40 / 40","40 / 40",2200,2500,"91-95","98","40+","19871"
"Hyun-il Choi","SP","LAD",,17,"21.3666666",,"Sink","45 / 50","","40 / 45","","45 / 60",2300,2150,"90-93","95","40+","sa3009992"
"Spencer Schwellenbach","SS/MIRP","ATL",,10,"21.1138888",,"Sink/Tail","50 / 55","55 / 60","","50 / 60","30 / 50",,,"93-96","97","40+",
"Spencer Strider","SP","ATL",,11,"22.9472222",,"Tail","50 / 55","","50 / 55","30 / 50","35 / 50",2300,2250,"91-95","97","40+","27498"
"Robinson Ortiz","MIRP","LAD",,19,"21.7638888",,"Tail","50 / 55","","45 / 55","50 / 55","30 / 40",2200,2550,"89-94","98","40+","sa3004006"
"Freddy Tarnok","SP","ATL",,12,"22.875",,"Rise","45 / 55","","50 / 55","45 / 55","35 / 50",2450,2275,"89-92","96","40+","sa3005175"
"Tanner Burns","SP","CLE",,16,"22.7805555",,"Rise","45 / 50","50 / 55","45 / 45","45 / 50","40 / 50",2350,2600,"90-94","95","40+","sa3014451"
"Logan Allen","SP","CLE",,17,"23.0944444",,"Tail","45 / 50","","45 / 50","50 / 60","35 / 55",,2400,"89-92","94","40+","sa3014444"
"Tommy Mace","SP","CLE",,19,"22.6666666",,"Sink","50 / 50","45 / 50","45 / 50","40 / 45","35 / 55",,,"91-95","97","40+",
"Nick Mikolajchak","SIRP","CLE",,21,"23.8833333",,"Rise","55 / 60","","55 / 60","50 / 55","40 / 50",2350,2900,"90-93","95","40+","sa3010303"
"Josh Wolf","SIRP","CLE",,22,"21.1055555",,"Tail","50 / 60","35 / 55","50 / 60","40 / 45","30 / 45",2300,2350,"92-95","97","40+","sa3011638"
"Cody Morris","MIRP","CLE",,23,"24.9305555","6/2/15","Tail","55 / 55","","50 / 55","50 / 50","40 / 45",2400,2400,"92-95","98","40+","sa3008653"
"JoJo Romero","MIRP","PHI",,13,"25.0555555",,"Sink","55 / 55","50 / 55","","50 / 55","45 / 45",2250,2550,"93-95","96","40+","19574"
"Ian Seymour","MIRP","TBR",,15,"22.8222222",,"Tail","45 / 45","50 / 55","","50 / 55","40 / 55",2200,2200,"93-95","96","40+","sa3014512"
"Carson Williams","SS/SIRP","TBR",,16,"18.0444444",,"Rise/Tail","50 / 60","55 / 60","","30 / 45","20 / 45",,,"95-97","98","40+","sa3017795"
"Taj Bradley","SP","TBR",,18,"20.5527777",,"Cut/Rise","55 / 60","50 / 55","","30 / 45","30 / 45",2400,2500,"93-97","97","40+","sa3007839"
"Helcris Olivarez","SP","COL",,10,"21.1694444",,"Tail","55 / 60","","50 / 55","30 / 45","30 / 45",2350,2550,"94-96","98","40+","sa3002965"
"Sam Weatherly","SP","COL",,12,"22.3638888",,"Tail","55 / 60","55 / 60","","30 / 45","30 / 45",2350,2650,"92-95","97","40+","sa3014455"
"Ryan Rolison","SP","COL",,13,"24.2444444",,"Cut/Rise","40 / 45","","60 / 60","40 / 50","35 / 45",2250,2600,"89-94","96","40+","sa3008244"
"Jaden Hill","MIRP","COL",,14,"21.7972222",,"Sink","60 / 70","60 / 60","45 / 50","55 / 60","30 / 40",2150,2400,"94-97","99","40+",
"Kyle Nicolas","SIRP","MIA",,18,"22.6305555",,,"55 / 60","55 / 60","45 / 45","30 / 30","30 / 40",,,"92-94","97","40+","sa3014523"
"Jake Eder","SIRP","MIA",,20,"23",,,"55 / 60","","55 / 60","","30 / 40",2100,2300,"92-95","97","40+","sa3014917"
"Nick Neidert","SP","MIA",,21,"24.8861111",,,"40 / 40","45 / 45","45 / 45","60 / 60","60 / 70",2300,2250,"90-93","95","40+","18699"
"Kutter Crawford","SP","BOS",,18,"25.5222222",,"Rise","50 / 50","45 / 50","55 / 55","","50 / 55",2400,2400,"91-95","96","40","20531"
"Alex Faedo","SP","DET",,16,"25.9083333","12/28/20","Tail","45 / 50","60 / 60","","40 / 45","55 / 60",2350,2700,"90-93","95","40","sa829855"
"Michael Burrows","SIRP","PIT",,31,"21.9194444",,"Rise","50 / 55","","55 / 60","","30 / 40",2550,2800,"90-94","96","40","sa3008517"
"Nick Garcia","SP","PIT",,33,"22.4694444",,"Rise","45 / 50","45 / 50","40 / 45","40 / 50","30 / 50",2550,2220,"91-94","98","40","sa3014501"
"Dylan Smith","SP","DET",,21,"21.1194444",,"Tail","40 / 45","50 / 55","45 / 45","45 / 50","35 / 60",,,"88-92","94","40",
"Austin Roberts","SP","PIT",,34,"23.2",,,"50 / 55","","50 / 50","55 / 60","30 / 40",2250,,"92-95","96","40","sa3010254"
"Frank German","RHP","BOS",,28,"24.0472222",,"Cut/Rise","60 / 65","40 / 50","","45 / 50","35 / 40",2200,2400,"92-96","98","40","sa3007729"
"Paul Richan","SP","DET",,22,"24.5361111",,"Rise","40 / 40","40 / 40","45 / 45","45 / 50","55 / 60",2150,2200,"89-91","93","40","sa3008025"
"Max Kranick","SP","PIT",,35,"24.2166666",,"Tail","50 / 55","45 / 50","","40 / 45","45 / 45",,,"92-96","98","40","22175"
"Jacob Wallace","SIRP","BOS",,29,"23.1555555",,"Tail","45 / 50","50 / 60","","50 / 55","30 / 40",2500,2850,"88-93","96","40","sa3010374"
"Jason Foley","SIRP","DET",,23,"25.9388888",,"Tail","65 / 65","45 / 45","","","40 / 40",2250,2200,"94-97","100","40","19531"
"Grant Gambrell","MIRP","BOS",,30,"23.8833333",,"Rise/Tail","50 / 55","","55 / 60","45 / 50","30 / 40",2450,2550,"91-94","96","40","sa3011129"
"Zack Hess","SIRP","DET",,24,"24.6222222",,"Rise","60 / 60","55 / 60","","40 / 45","40 / 45",2500,2550,"93-95","97","40","sa3010777"
"Ricky DeVito","SP","PIT",,37,"23.1333333",,"0.0625","50 / 50","","45 / 50","","30 / 40",2200,,"92-95","97","40","sa1116003"
"Brendan Cellucci","SIRP","BOS",,31,"23.275",,"Rise","60 / 60","","60 / 60","","20 / 35",,,"94-96","97","40","sa3011710"
"Santiago Florez","SIRP","PIT",,38,"21.4166666",,"Rise","50 / 60","","50 / 60","","30 / 45",2400,2800,"92-94","95","40","sa3003026"
"Kevin Gowdy","SP","TEX",,26,"23.8972222","8/15/17",,"45 / 50","50 / 55","","40 / 45","45 / 50",,,"90-94",,"40","sa917928"
"Joaquin Tejada","SP","PIT",,39,"18.2305555",,,"40 / 45","50 / 55","55 / 60","","20 / 50",,,"90-92",,"40","sa3016207"
"Blake Cederlind","SIRP","PIT",,40,"25.7638888","3/23/21","Sink","60 / 60","50 / 50","","","30 / 35",2150,2000,"96-98","100","40","20344"
"Wilkel Hernandez","SP","DET",,28,"22.4888888","11/15/20","Rise","50 / 55","","50 / 55","40 / 50","35 / 50",2350,2550,"90-93","96","40","sa918026"
"Durbin Feltman","SIRP","BOS",,35,"24.475",,"Rise","55 / 60","55 / 55","45 / 50","","35 / 40",2300,2350,"92-95","96","40","sa3007959"
"Mason Englert","SP","TEX",,30,"21.9388888","4/12/19",,"40 / 45","","50 / 55","40 / 50","30 / 50",,,"90-93","95","40","sa3015036"
"Steven Jennings","SP","PIT",,43,"22.9055555",,"Rise","40 / 45","50 / 55","45 / 50","35 / 45","35 / 60",2500,3000,"88-92","93","40","sa3004812"
"Chih-Jung Liu","SIRP","BOS",,37,"22.5055555",,"Tail","40 / 60","50 / 60","40 / 45","","30 / 40",2300,2400,"93-96","98","40","sa3014675"
"Dylan File","SP","MIL",,22,"25.3472222",,"Rise","40 / 40","50 / 55","50 / 50","55 / 55","55 / 60",2250,2700,"88-92","92","40","sa3004197"
"Victor Castaneda","MIRP","MIL",,24,"23.1166666",,"Sink","45 / 45","","45 / 45","55 / 55","40 / 45",2150,,"91-94","95","40","sa978399"
"Glenn Otto","SIRP","TEX",,34,"25.5777777",,"Rise","55 / 55","","55 / 60","","35 / 40",2400,2650,"92-94","96","40","21366"
"Cole Ragans","SP","TEX",,35,"23.825","5/15/19*",,"45 / 45","","40 / 45","60 / 60","40 / 60",2100,2000,"91-94","96","40","sa917938"
"Ryan Garcia","SP","TEX",,36,"23.7083333","43891","Rise","40 / 40","50 / 55","45 / 45","40 / 45","30 / 50",2300,2350,"91-93","94","40","sa3011190"
"Justin Topa","SIRP","MIL",,27,"30.5888888","5/1/15*","Tail","70 / 70","60 / 60","","","30 / 30",2100,2600,"96-98","100","40","15145"
"Tekoah Roby","SP","TEX",,37,"20.0583333",,,"40 / 50","","40 / 45","45 / 55","25 / 50",,,"90-92","94","40","sa3014519"
"Marc Church","SIRP","TEX",,40,"20.525",,"Rise","60 / 60","50 / 55","","","35 / 55",,,"94-96","97","40","sa3015080"
"Russell Smith","SIRP","MIL",,31,"22.8361111",,,"50 / 55","","","50 / 55","30 / 50",,,"90-93","95","40",
"Alex Speas","SIRP","TEX",,42,"23.5972222","6/25/18",,"70 / 70","","70 / 70","","20 / 30",2350,2700,"95-97","99","40","sa917945"
"Cole Uvila","SIRP","TEX",,43,"27.6916666","1/1/16","Rise","50 / 50","","60 / 60","55 / 55","30 / 40",2550,,"91-94","96","40","sa3006804"
"Nic Laio","SIRP","TEX",,44,"24.1972222",,"Tail","50 / 50","50 / 60","","35 / 45","45 / 50",,,"93-94","95","40","sa3009861"
"Tyler Brown","SIRP","HOU",,10,"23.0194444",,"Cut/Rise","50 / 55","","50 / 60","","30 / 40",2500,2400,"91-95","96","40","sa3014450"
"Alex Santos II","SP","HOU",,14,"19.6638888",,"Rise","45 / 55","30 / 50","50 / 55","","25 / 50",,,"89-93","95","40","sa3014684"
"Austin Hansen","SIRP","HOU",,18,"25.1222222",,,"55 / 55","55 / 55","","50 / 55","35 / 40",,,"93-95","96","40","sa3006956"
"Angel Macuare","SP","HOU",,19,"21.6",,"Rise","45 / 50","45 / 50","55 / 55","40 / 45","35 / 45",2250,2350,"89-91","94","40","sa3003039"
"Jojanse Torres","SIRP","HOU",,20,"26.1805555",,"Rise/Tail","60 / 60","55 / 55","","50 / 50","35 / 35",2400,2350,"94-97","99","40","sa3006955"
"Carlos Guarate","SP","SDP",,15,"20.525",,,"45 / 45","","50 / 55","40 / 50","35 / 50",2300,2400,"88-91","93","40","sa3006127"
"Efrain Contreras","SP","SDP",,16,"21.7694444",,,"50 / 50","45 / 50","","55 / 60","35 / 55",,,"92-94","97","40","sa3005692"
"Robert Gasser","SP","SDP",,18,"22.1138888",,"Tail","40 / 45","55 / 60","","40 / 50","35 / 55",,,"90-93","96","40","sa3017310"
"Sam McWilliams","SIRP","SDP",,19,"26.0972222",,"Tail","60 / 60","50 / 55","","","30 / 40",2500,2500,"94-97","98","40","sa829124"
"Steven Wilson","SIRP","SDP",,20,"27.125","2/1/16","Rise","60 / 60","55 / 55","","30 / 30","40 / 45",2450,2750,"91-95","97","40","sa3006795"
"Reggie Lawson","SIRP","SDP",,21,"24.1861111","3/20/20",,"50 / 55","","55 / 55","45 / 50","35 / 45",2200,2300,"92-95","97","40","sa917951"
"Javy Guerra","SIRP","SDP",,22,"26.0388888",,,"65 / 65","45 / 55","","","35 / 45",2450,2600,"96-98","100","40","17292"
"Chris Vallimont","SP","MIN",,20,"24.5583333",,"Rise","45 / 45","45 / 50","45 / 50","40 / 50","40 / 50",2350,2600,"89-93","95","40","sa3008026"
"Steven Hajjar","SP","MIN",,22,"20.9277777",,"Rise","45 / 50","50 / 55","","45 / 55","35 / 55",,,"88-92","94","40",
"Marco Raya","SP","MIN",,23,"19.1722222",,"Rise/Cut","40 / 50","45 / 50","","40 / 55","35 / 55",,,"88-92","95","40","sa3014550"
"Michael McAvene","SIRP","CHC",,32,"24.125","4/1/17",,"65 / 70","50 / 55","","","35 / 40",2300,2450,"94-98","100","40","sa3011727"
"Blayne Enlow","MIRP","MIN",,26,"22.55","6/11/21","Sink","50 / 50","50 / 50","","45 / 50","40 / 45",2300,2550,"91-94","96","40","sa3005117"
"Bowden Francis","SP","TOR",,15,"25.4638888",,"Rise","50 / 50","55 / 55","45 / 45","45 / 50","50 / 55",2600,2600,"92-94","95","40","sa918451"
"Hunter Bigge","SIRP","CHC",,33,"23.325",,"Rise","55 / 60","","50 / 55","","40 / 50",2350,2450,"92-96","99","40","sa3011341"
"Alex Scherff","SIRP","MIN",,27,"23.6777777",,,"55 / 55","45 / 45","","60 / 60","30 / 35",,,"93-96",,"40","sa3005397"
"Ricky Tiedemann","SP","TOR",,16,"18.8972222",,"Tail","45 / 50","50 / 55","","50 / 55","20 / 55",,,"88-92","94","40",
"Max Bain","MIRP","CHC",,34,"26.0333333",,"Rise","55 / 55","45 / 50","55 / 60","","30 / 40",,,"93-96","98","40","sa3014932"
"Edwar Colina","SIRP","MIN",,28,"24.4333333",,"Sink","60 / 60","50 / 55","","40 / 40","40 / 45",2400,2800,"94-98","100","40","20589"
"Joey Murray","MIRP","TOR",,17,"25.0444444",,"Rise","50 / 55","50 / 55","50 / 55","40 / 45","40 / 45",2450,2700,"88-91","93","40","sa3007234"
"Jovani Moran","SIRP","MIN",,29,"24.4583333",,"Rise","45 / 45","45 / 45","","70 / 70","40 / 40",2300,2475,"90-93","95","40","20422"
"Hagen Danner","SIRP","TOR",,18,"23.025",,,"60 / 60","50 / 55","","","35 / 40",,,"94-97",,"40","sa3004501"
"Yovanny Cruz","SP","CHC",,36,"22.1277777",,"Sink/Tail","65 / 70","45 / 50","","50 / 60","30 / 45",1900,2100,"97-99","100","40","sa3002951"
"Jackson Rees","SIRP","TOR",,19,"27.1916666",,"Sink","50 / 50","","70 / 70","","35 / 35",2350,2750,"91-94","95","40","sa3007818"
"Drew Gray","SP","CHC",,37,"18.1722222",,"Rise","45 / 65","45 / 55","40 / 50","","25 / 55",,,"88-92","93","40",
"Eric Pardinho","SP","TOR",,20,"20.7611111","2/11/20","Sink","40 / 50","45 / 50","50 / 55","45 / 50","35 / 55",2100,2100,"90-93","94","40","sa968102"
"Benjamin Rodriguez","SP","CHC",,38,"22.2",,"Rise","45 / 50","","45 / 55","40 / 50","30 / 50",2300,,"90-92","94","40","sa3004962"
"Adam Kloffenstein","SP","TOR",,21,"21.1222222",,"Sink","45 / 50","50 / 55","40 / 45","40 / 50","30 / 50",2000,2300,"88-92","94","40","sa3008578"
"Trent Palmer","MIRP","TOR",,22,"22.5166666",,"Tail","45 / 50","40 / 45","35 / 40","","30 / 45",,,"92-94","96","40","sa3014491"
"Cory Abbott","SP","CHC",,40,"26.0527777",,"Tail","40 / 40","50 / 50","45 / 45","45 / 45","55 / 55",2350,2500,"88-93","95","40","20277"
"Cayne Ueckert","SIRP","CHC",,41,"25.3638888",,"Rise","60 / 60","50 / 55","","","40 / 45",,,"95-98","99","40","sa3010789"
"Josh Burgmann","SP","CHC",,42,"23.7","4/1/17",,"40 / 45","40 / 50","55 / 60","40 / 45","35 / 50",2350,3000,"91-93","97","40","sa3011409"
"Dylan Coleman","SIRP","KCR",,18,"23.0638888",,"Tail/Rise","65 / 65","55 / 55","","","40 / 40",2500,2650,"96-100","101","40","22276"
"Manuel Rodriguez","SIRP","CHC",,44,"25.175",,,"65 / 65","","55 / 55","","35 / 35",2350,,"94-97","99","40","20794"
"Josh Dye","MIRP","KCR",,21,"25.0694444",,"Sink/Tail","35 / 40","","50 / 50","55 / 55","50 / 60",2000,,"88-91","92","40","sa3007485"
"Christian Chamberlain","SIRP","KCR",,22,"22.2194444",,"Rise","45 / 60","","60 / 60","40 / 45","30 / 40",2400,2600,"93-96","97","40","sa3014486"
"Ben Hernandez","SIRP","KCR",,24,"20.2722222",,"Tail","50 / 55","35 / 40","","60 / 70","25 / 45",,,"92-95","96","40","sa3014541"
"Shane Panzini","SP","KCR",,26,"19.6972222",,"Rise","45 / 50","45 / 50","55 / 55","40 / 45","20 / 50",,,"91-93","95","40",
"Yohanse Morel","MIRP","KCR",,27,"21.1277777",,"Sink","45 / 45","45 / 50","","55 / 60","35 / 50",2300,2550,"89-93","94","40","sa3005685"
"Michael Morales","SP","SEA",,12,"18.9111111",,,"40 / 55","","50 / 55","45 / 55","20 / 50",,,,,"40","sa3017783"
"Jon Heasley","SIRP","KCR",,29,"24.7",,,"55 / 55","40 / 45","","55 / 60","35 / 40",2350,2800,"91-94","96","40","22224"
"Charlie Neuweiler","SP","KCR",,30,"22.6694444",,,"40 / 40","","55 / 60","","35 / 55",2350,2700,"88-92","93","40","sa3004345"
"Connor Phillips","SP","SEA",,14,"20.4305555",,"Rise/Tail","50 / 60","45 / 50","50 / 55","","30 / 40",,,"90-94","98","40","sa3014433"
"Taylor Dollard","SP","SEA",,16,"22.6444444",,"Tail","40 / 45","55 / 60","45 / 50","45 / 50","35 / 60",2050,2800,"90-93","94","40","sa3014982"
"Ronald Bolanos","SP","KCR",,33,"25.1277777",,"Sink","60 / 60","45 / 45","45 / 45","45 / 45","40 / 45",2250,2650,"90-96","99","40","20041"
"Junior Santos","SP","NYM",,11,"20.1472222",,"Tail","50 / 60","45 / 50","","40 / 50","20 / 45",2350,2150,"89-93","95","40","sa3005470"
"Dominic Hamel","SIRP","NYM",,12,"22.3583333",,"Rise","55 / 70","60 / 60","","","30 / 40",2450,2800,"91-95","98","40","sa3017949"
"Bryce Miller","SIRP","SEA",,17,"22.8833333",,"Rise","55 / 60","50 / 55","40 / 50","40 / 45","30 / 45",2500,2400,"94-97","98","40","sa3017414"
"Robert Dominguez","SP","NYM",,13,"19.8583333",,,"55 / 60","","50 / 60","40 / 45","20 / 50",,,"93-96","99","40","sa3014694"
"Isaiah Campbell","SP","SEA",,18,"24.15",,,"50 / 50","50 / 55","50 / 50","","40 / 50",2200,2300,"90-93","96","40","sa3014432"
"Ismael Aquino","SIRP","KCR",,36,"23.1027777",,,"60 / 65","","","40 / 45","30 / 40",2300,2050,"93-96","98","40","sa3003104"
"Jose Butto","SP","NYM",,14,"23.5555555",,"Tail","40 / 40","45 / 50","","55 / 60","50 / 55",2350,,"89-94","96","40","sa3003166"
"Thomas Szapucki","MIRP","NYM",,15,"25.325","7/19/17","Tail","50 / 55","","60 / 60","40 / 45","40 / 45",2200,2400,"88-94","96","40","21065"
"Ryley Gilliam","SIRP","NYM",,16,"25.1611111",,"Rise","55 / 55","20 / 55","55 / 55","","30 / 35",2600,2800,"94-95","96","40","sa3008225"
"Sam Carlson","SP","SEA",,21,"22.85",,"Rise","55 / 60","","45 / 50","50 / 60","40 / 55",2200,2350,"89-93","94","40","sa3005015"
"Franklyn Kilome","SIRP","NYM",,17,"26.2888888","10/24/18","Sink","55 / 55","40 / 40","60 / 60","50 / 50","40 / 40",2450,2200,"92-96","97","40","17861"
"Levi Stoudt","SIRP","SEA",,22,"23.8472222",,,"50 / 50","40 / 45","","55 / 60","30 / 40",2200,2250,"93-96","97","40","sa3014545"
"Joshua Cornielly","SP","NYM",,18,"20.7333333",,"Rise","40 / 45","","40 / 50","45 / 55","40 / 55",2150,,"88-93","95","40","sa3005890"
"Josias De Los Santos","SIRP","SEA",,23,"22.1944444",,,"50 / 55","50 / 55","","","45 / 50",2300,2450,"90-95","97","40","sa3006508"
"Matthew Thompson","SP","CHW",,8,"21.1611111",,"Rise","45 / 55","","45 / 55","40 / 50","30 / 45",2300,2100,"91-94","96","40","sa3011866"
"Jordany Ventura","SP","NYM",,21,"21.2583333",,"Cut/Rise","45 / 55","50 / 55","","40 / 50","40 / 50",2450,,"91-94","95","40","sa3008542"
"Andrew Dalquist","SP","CHW",,9,"20.9055555",,"Tail","40 / 45","40 / 50","45 / 55","40 / 50","35 / 55",2100,2300,"91-93","95","40","sa3011841"
"Tim Cate","SIRP","WSN",,17,"24.025","1/1/13","Rise","40 / 45","","60 / 60","40 / 45","45 / 45",2100,2400,"87-91","93","40","sa3007926"
"Jonathan Stiever","SP","CHW",,10,"24.4083333",,"Sink","40 / 45","45 / 50","45 / 45","50 / 55","45 / 55",2350,2300,"90-94","95","40","24584"
"Sean Burke","SP","CHW",,11,"22.5638888","5/1/18","Rise","55 / 60","50 / 55","40 / 45","30 / 40","30 / 45",2400,2300,"91-95","98","40","sa3017461"
"Norge Vera","RHP","CHW",,13,"21.3555555",,,"45 / 50","","50 / 55","40 / 50","40 / 50",,,"90-94","97","40","sa3017468"
"Mason Thompson","SIRP","WSN",,21,"23.6361111","3/18/15",,"50 / 60","50 / 50","40 / 55","50 / 60","30 / 35",2350,2350,"91-95","97","40","21850"
"Joan Adon","SIRP","WSN",,22,"23.1583333",,,"50 / 55","45 / 45","","50 / 55","40 / 40",2250,2150,"92-96","98","40","22925"
"Kade McClure","MIRP","CHW",,16,"25.6583333",,"Rise","50 / 55","50 / 55","45 / 50","","45 / 50",2300,2350,"92-94","95","40","sa915622"
"Tyler Johnson","SIRP","CHW",,19,"26.1333333",,"Cut","60 / 60","","55 / 55","40 / 45","30 / 40",2350,2350,"93-95","97","40","sa915688"
"Davis Daniel","SIRP","LAA",,13,"24.3277777","4/25/19","Rise","45 / 55","","55 / 60","","30 / 40",,,"90-93","94","40","sa3015037"
"Alejandro Hidalgo","SP","LAA",,14,"18.3805555",,"Rise","40 / 50","","50 / 60","40 / 50","20 / 45",,,"92-94","97","40","sa3015151"
"Hector Yan","MIRP","LAA",,15,"22.4527777",,"Tail","50 / 65","45 / 45","","40 / 45","30 / 40",2150,2450,"90-94","96","40","sa917194"
"Beck Way","SP","NYY",,21,"22.175",,"Tail","50 / 55","45 / 50","","45 / 50","30 / 45",,,"91-94","96","40","sa3014462"
"Packy Naughton","MIRP","LAA",,18,"25.4805555",,"Tail","45 / 45","45 / 50","40 / 40","50 / 50","55 / 55",2000,2100,"87-92","94","40","23292"
"Matt Sauer","SP","NYY",,22,"22.7166666","4/1/19","Tail","50 / 60","","50 / 55","40 / 50","35 / 45",2150,2600,"92-95","96","40","sa3005118"
"Nicio Rodriguez","SIRP","NYY",,24,"22.1",,"Rise","50 / 60","45 / 55","","","30 / 45",2500,2550,"89-94","96","40","sa3011194"
"R.J. Dabovich","SIRP","SFG",,26,"22.7444444",,"Rise","60 / 60","50 / 55","50 / 50","","30 / 40",2400,2500,"93-96","98","40","sa3014431"
"Aaron Hernandez","SIRP","LAA",,21,"24.8527777",,,"45 / 50","50 / 50","50 / 55","40 / 50","30 / 40",2200,2800,"91-95","97","40","sa3008599"
"Prelander Berroa","SIRP","SFG",,27,"21.475",,"Tail","55 / 60","45 / 50","","45 / 55","30 / 40",2450,2400,"92-96","98","40","sa3005069"
"Denny Larrondo","SP","NYY",,26,"19.3583333",,"Rise","45 / 60","","55 / 60","35 / 50","35 / 55",2500,2900,"88-92","94","40","sa3010654"
"Carson Ragsdale","SP","SFG",,28,"23.3722222",,,"45 / 50","","55 / 60","","35 / 55",,,"91-95","96","40","sa3014922"
"Kai-Wei Teng","SP","SFG",,29,"22.8555555",,"Sink","45 / 50","45 / 50","50 / 50","45 / 50","45 / 60",2450,2500,"91-94","96","40","sa3007229"
"Sadrac Franco","SIRP","LAA",,24,"21.3472222",,,"50 / 55","","50 / 55","40 / 45","30 / 40",2300,,"92-96","97","40","sa3005073"
"J.B. Bukauskas","SIRP","ARI",,23,"24.9944444",,"Tail","50 / 50","45 / 45","","70 / 70","40 / 40",2500,2450,"92-94","96","40","20491"
"Conor Grammes","SIRP","ARI",,24,"24.2222222",,"Tail","65 / 70","60 / 70","","40 / 45","20 / 30",2200,2550,"94-97","99","40","sa3011651"
"Andrew Abbott","MIRP","CIN",,17,"22.1111111",,"Rise","45 / 50","","55 / 60","45 / 50","30 / 45",,,"91-94","95","40","sa3017529"
"Bryce Bonnin","SIRP","CIN",,18,"22.9944444",,"Sink","55 / 55","55 / 60","","30 / 45","30 / 40",2150,2400,"93-96","97","40","sa3014453"
"Michael Plassmeyer","SP","SFG",,33,"24.9277777",,"Tail","45 / 45","45 / 45","45 / 45","50 / 55","55 / 60",2300,2150,"87-91","93","40","sa3006962"
"Riley O'Brien","SIRP","CIN",,19,"26.675",,"Tail","55 / 55","","55 / 60","45 / 50","40 / 50",2300,2600,"92-95","97","40","20348"
"Jake Wong","SP","SFG",,34,"25.1",,"Sink","50 / 50","","45 / 50","45 / 50","45 / 55",2200,2450,"91-94","96","40","sa3008100"
"Graham Ashcraft","SIRP","CIN",,22,"23.6611111",,"Rise","55 / 60","50 / 55","55 / 60","40 / 50","40 / 50",2600,2750,"94-96","97","40","sa918274"
"Humberto Mejia","MIRP","ARI",,30,"24.6",,"Rise","50 / 50","45 / 45","55 / 55","40 / 45","40 / 45",2300,2350,"90-93","95","40","20739"
"Liam Norris","SP","ARI",,31,"20.1555555",,"Rise","40 / 50","45 / 50","50 / 55","30 / 40","20 / 45",,,"90-94","95","40","sa3014543"
"Josh Green","SP","ARI",,33,"26.1083333",,"Sink","50 / 50","50 / 50","55 / 55","45 / 50","45 / 50",2050,2550,"92-95","96","40","sa3006701"
"Brian Howard","SP","OAK",,11,"26.4555555",,,"50 / 50","","45 / 50","45 / 50","50 / 55",2150,2500,"89-91","93","40","sa918377"
"Brady Feigl","SP","OAK",,15,"25.8666666",,"Sink","45 / 45","","50 / 50","45 / 50","50 / 50",,,"90-93","95","40","sa3007455"
"Edwin Nunez","SP","STL",,14,"19.9277777",,,"55 / 70","","45 / 55","","20 / 50",,,"92-96","99","40","sa3014813"
"Stevie Emanuels","SP","OAK",,16,"22.6916666",,"Tail","40 / 50","50 / 55","","40 / 50","30 / 55",2350,2600,"87-92","94","40","sa3014698"
"Alec Willis","SP","STL",,15,"18.2805555",,,"40 / 50","","45 / 55","30 / 50","20 / 50",,,"89-93","94","40",
"Grant Holmes","SIRP","OAK",,19,"25.5472222",,"Tail","50 / 50","55 / 55","","40 / 40","30 / 35",2250,2800,"92-94","97","40","sa828669"
"Tyler Baum","MIRP","OAK",,20,"23.7361111",,,"50 / 55","","50 / 55","45 / 50","30 / 40",2250,,"93-95","97","40","sa1054042"
"Peter Heubeck","SP","LAD",,20,"18.9694444",,"Rise","45 / 60","","40 / 55","","20 / 40",,,,,"40","sa3017936"
"Jack Weisenburger","SIRP","OAK",,21,"24.0027777",,,"55 / 60","55 / 60","","45 / 45","40 / 40",,,"93-96","97","40","sa3011607"
"Nick Robertson","SIRP","LAD",,21,"23.2305555","3/1/17","Rise","60 / 60","","60 / 60","","30 / 40",,,"93-96","98","40","sa3011248"
"Parker Dunshee","SP","OAK",,23,"26.6583333",,"Tail","40 / 40","45 / 45","50 / 50","55 / 55","55 / 60",2150,2450,"89-92","94","40","sa873274"
"Jasseel De La Cruz","SIRP","ATL",,15,"24.2861111",,"Rise","55 / 60","55 / 60","","40 / 45","40 / 40",2300,2750,"91-97","99","40","sa879559"
"Kendall Williams","SP","LAD",,23,"21.125",,"Rise","50 / 55","","45 / 55","45 / 50","30 / 40",2150,2500,"90-94","96","40","sa3011674"
"Victor Vodnik","SIRP","ATL",,16,"22",,"Rise","60 / 65","45 / 45","","50 / 55","30 / 40",2350,2200,"92-96","98","40","sa3008527"
"Landon Knack","SIRP","LAD",,24,"24.7333333",,"Sink","60 / 60","50 / 55","","","30 / 40",,,"94-97","98","40","sa3014518"
"Jimmy Lewis","SP","LAD",,25,"20.9361111",,"Sink","40 / 40","","45 / 50","45 / 55","35 / 55",2250,2250,"90-92","93","40","sa3014533"
"William Woods","SIRP","ATL",,19,"22.7777777",,"Rise/Tail","55 / 60","45 / 55","","30 / 40","30 / 40",2400,,"96-99","100","40","sa3007256"
"Jerming Rosario","SP","LAD",,27,"19.4194444",,"Tail","40 / 50","","40 / 45","50 / 60","25 / 60",2200,2250,"89-92","94","40","sa3008678"
"Bryce Elder","SP","ATL",,21,"22.3888888",,"0.0625","50 / 50","50 / 50","45 / 45","45 / 50","35 / 55",2100,,"90-92","94","40","sa3014515"
"Carlos Duran","SIRP","LAD",,29,"20.1916666",,"Sink","50 / 55","","55 / 60","40 / 50","25 / 50",2050,2700,"89-94","96","40","sa3006404"
"Doug Nikhazy","SP","CLE",,26,"21.9166666",,"Rise","40 / 45","50 / 55","55 / 55","","35 / 60",1800,2450,"88-90","92","40",
"Hunter Gaddis","MIRP","CLE",,27,"23.5",,"Rise","45 / 50","50 / 55","40 / 40","55 / 60","40 / 50",2250,2350,"90-93","96","40","sa3010621"
"Edwin Uceta","SP","LAD",,33,"23.75",,"Tail","45 / 45","","50 / 55","50 / 55","45 / 55",2350,2300,"89-92","94","40","20539"
"Gavin Stone","SIRP","LAD",,34,"22.9833333",,,"60 / 60","50 / 55","","45 / 55","30 / 40",,,"94-96",,"40","sa3014810"
"Carlos Vargas","SIRP","CLE",,30,"21.9888888","1/1/21","Sink","55 / 65","55 / 60","","35 / 45","30 / 40",2250,2400,"94-97","99","40","sa3007467"
"Damon Casetta-Stubbs","SIRP","CLE",,33,"22.2138888",,"Tail","45 / 50","50 / 55","55 / 60","30 / 30","40 / 50",2200,2400,"89-93","95","40","sa3008387"
"Raymond Burgos","MIRP","CLE",,34,"22.8611111","9/7/16","Tail","50 / 50","40 / 45","50 / 50","55 / 55","45 / 50",2200,2350,"91-94","96","40","sa918469"
"Micah Ottenbreit","SP","PHI",,16,"18.1777777",,,"40 / 50","","45 / 50","45 / 55","20 / 55",,,"89-93","94","40","sa3017860"
"James McArthur","SP","PHI",,18,"24.8277777",,"Rise","55 / 60","50 / 55","50 / 55","35 / 40","30 / 45",2400,2800,"93-95","96","40","sa3007715"
"Dominic Pipkin","SP","PHI",,19,"21.9277777",,"Sink","50 / 60","40 / 45","40 / 45","45 / 55","35 / 50",2100,2000,"90-95","98","40","sa3007896"
"Gunner Mayer","SP","PHI",,20,"21.2",,"Rise","45 / 55","50 / 60","","30 / 45","30 / 50",2400,2350,"90-94","95","40","sa3011199"
"John Doxakis","MIRP","TBR",,22,"23.1361111",,"SInk/Tail","40 / 45","50 / 55","","50 / 55","45 / 60",2250,2400,"88-92","93","40","sa1115967"
"Ethan Lindow","SP","PHI",,22,"22.9833333",,"Tail","50 / 50","45 / 45","50 / 50","40 / 45","45 / 55",2200,2350,"87-90","92","40","sa3005028"
"Antonio Jimenez","MIRP","TBR",,23,"20.425",,"Rise/Tail","45 / 55","55 / 60","","40 / 50","30 / 50",,,"91-95","96","40","sa3008074"
"Kyle Brnovich","SP","BAL",,19,"23.9694444",,"Tail","40 / 40","","55 / 60","45 / 50","45 / 60",,,"88-92","94","40","sa3014923"
"Eduar Segovia","SP","PHI",,23,"20.7472222",,"Tail","45 / 50","50 / 55","","30 / 45","30 / 50",2250,2300,"92-95","97","40","sa3008374"
"Michael Mercado","SP","TBR",,24,"22.4833333",,,"45 / 50","40 / 50","45 / 55","","45 / 55",2200,2250,"90-94","95","40","sa3005024"
"Zac Lowther","SP","BAL",,20,"25.4416666",,"Tail","40 / 40","","45 / 45","55 / 60","45 / 50",2200,2550,"88-91","94","40","20243"
"Tyler Phillips","SP","PHI",,24,"23.95",,,"40 / 40","40 / 45","50 / 50","55 / 55","55 / 70",2200,2300,"92-94","96","40","sa875646"
"Adonis Medina","SP","PHI",,25,"24.8083333",,"Sink/Tail","40 / 40","45 / 45","","55 / 60","50 / 55",2200,2500,"90-94","96","40","19903"
"Starlyn Castillo","SP","PHI",,26,"19.625",,"Tail","55 / 60","55 / 60","","40 / 50","30 / 45",2250,2500,"93-95","97","40","sa3011608"
"Neraldo Catalina","SIRP","TBR",,27,"21.3",,"Tail","60 / 70","45 / 55","","","30 / 35",2300,2200,"93-96","97","40","sa1172730"
"Hunter Barnhart","SP","TBR",,28,"19.6527777",,,"40 / 55","","50 / 55","30 / 45","20 / 45",,,"88-92","94","40","sa3014467"
"Tanner Dodson","SIRP/CF","TBR",,29,"24.4166666",,,"55 / 60","55 / 60","","45 / 50","40 / 45",2250,2450,"91-95","97","40","sa3007008"
"Carter Baumler","SP","BAL",,25,"19.6916666","10/28/2020","Rise","45 / 50","50 / 55","45 / 55","","20 / 45",,,"90-92","94","40","sa3014480"
"Isaac Mattson","SIRP","BAL",,27,"26.2361111",,"Rise","55 / 55","55 / 55","","40 / 45","45 / 45",2300,2000,"92-94","96","40","20385"
"Tommy Romero","MIRP","TBR",,32,"24.2527777",,"Cut/Rise","50 / 50","","45 / 45","45 / 50","50 / 55",2200,,"90-93","94","40","sa3004469"
"Garrett Stallings","SP","BAL",,28,"24.1694444",,"Sink","40 / 45","45 / 50","45 / 50","45 / 50","45 / 60",1850,2200,"88-92","93","40","sa3014457"
"Drew Rom","SP","BAL",,29,"21.8166666",,"Rise","30 / 45","50 / 55","","","45 / 55",2350,2300,"88-92","93","40","sa3007848"
"Hunter Harvey","SIRP","BAL",,30,"26.8333333","7/26/16","Rise","60 / 60","","55 / 55","","40 / 40",2400,2200,"92-97","99","40","15507"
"Alexander Wells","SP","BAL",,31,"24.6166666",,"Rise","35 / 35","45 / 45","55 / 55","50 / 55","60 / 70",2250,2550,"86-89","91","40","19845"
"Ryan Feltner","SP","COL",,21,"25.1027777",,"Tail/Rise","50 / 50","50 / 50","45 / 50","50 / 55","40 / 50",2300,2650,"91-93","95","40","21446"
"Joe Rock","SIRP","COL",,22,"21.1944444",,"Tail","55 / 60","50 / 55","","","30 / 40",,,"93-95","96","40","sa3017755"
"Zach McCambley","SP","MIA",,23,"22.4611111",,"Sink","40 / 45","20 / 55","70 / 70","40 / 45","30 / 45",2500,2700,"89-93","95","40","sa3014478"
"Cody Poteet","SP","MIA",,24,"27.1916666",,"Sink/Tail","45 / 45","50 / 50","45 / 45","55 / 55","50 / 50",,,"92-95","96","40","18769"
"McCade Brown","SIRP","COL",,24,"21.1555555",,"Rise/Tail","55 / 55","50 / 55","45 / 50","40 / 45","35 / 50",2400,2700,"92-96","97","40","sa3017812"
"Evan Fitterer","SP","MIA",,25,"21.2861111",,,"45 / 50","45 / 50","50 / 55","40 / 50","35 / 55",2350,2550,"90-92","94","40","sa3011433"
"Noah Davis","SP","COL",,25,"24.4638888","3/1/18","Tail","45 / 50","50 / 55","50 / 55","35 / 40","40 / 50",2400,2600,"91-93","94","40","sa3010556"
"Tommy Doyle","SIRP","COL",,26,"25.4388888",,"Rise","50 / 55","60 / 60","","40 / 45","45 / 50",2250,2550,"92-95","97","40","21281"
"Braxton Garrett","SP","MIA",,28,"24.1777777","6/20/17",,"40 / 40","45 / 45","55 / 55","50 / 50","50 / 55",2100,2350,"91-92","96","40","21844"
"Tony Locey","SIRP","COL",,28,"23.1944444",,,"50 / 60","45 / 55","","30 / 40","30 / 50",,2300,"92-95","97","40","sa3011123"
"Chris Mokma","SP","MIA",,29,"20.6611111",,,"45 / 50","40 / 50","","45 / 55","25 / 55",2250,2200,"89-93","94","40","sa3011750"
"Karl Kauffmann","SP","COL",,29,"24.15",,,"45 / 50","45 / 50","","50 / 55","30 / 45",,,"91-94","96","40","sa3014526"
"Josh Roberson","SIRP","MIA",,31,"25.4083333","5/31/17",,"50 / 55","55 / 60","","40 / 45","40 / 45",2300,2500,"90-93","95","40","sa3007721"
"Ashton Goudeau","SIRP","COL",,33,"29.2111111",,"Rise","50 / 50","50 / 50","55 / 55","40 / 45","55 / 55",2200,2400,"91-94","96","35+","15139"
"Will Stewart","MIRP","MIA",,34,"24.2361111",,"Tail","40 / 40","45 / 50","45 / 50","45 / 50","50 / 55",2000,2650,"87-89","91","35+","sa875247"
"Daiveyon Whittle","MIRP","TBR",,54,"21.9111111",,"Rise","40 / 45","45 / 50","","","40 / 50",2050,2350,"89-92","94","35+","sa3007617"
"Riley Pint","SIRP","COL",,34,"23.925",,"None","70 / 70","70 / 70","","","20 / 30",2250,2750,"97-99","102","35+","sa917922"
"Jayden Murray","MIRP","TBR",,55,"24.4944444",,"Rise","45 / 55","","50 / 60","","35 / 45",2600,2700,"90-94","96","35+","sa1170405"
"Breiling Eusebio","SIRP","COL",,35,"24.9666666","4/18/18","Tail","45 / 50","","50 / 55","45 / 55","35 / 35",2200,2400,"89-94","96","35+","sa828552"
"Aneudy Cortorreal","SIRP","TBR",,56,"21.8222222",,"Rise","65 / 70","40 / 50","40 / 45","40 / 45","30 / 40",2250,2100,"93-97","99","35+","sa3009242"
"Angel Felipe","SIRP","TBR",,57,"24.1083333",,"Rise","55 / 60","45 / 50","","45 / 55","20 / 35",2400,2450,"93-96","98","35+","sa881181"
"Yoan Aybar","SIRP","COL",,37,"24.2666666",,,"60 / 60","50 / 55","","","30 / 35",2150,2450,"93-96","98","35+","sa829086"
"Jorge Guzman","SIRP","MIA",,42,"25.6972222",,,"55 / 55","55 / 55","","45 / 50","30 / 35",2250,1900,"95-97","100","35+","17505"
"Breidy Encarnacion","SP","MIA",,44,"20.9166666",,,"40 / 45","","45 / 50","40 / 50","40 / 50",2400,2250,"87-91","93","35+","sa3009205"
"Luis Palacios","SP","MIA",,45,"21.2722222",,,"30 / 40","45 / 50","","50 / 55","45 / 60",2150,2350,"85-87","89","35+","sa3003021"
"Keider Montero","SIRP","DET",,29,"21.2583333",,"Rise","45 / 50","","50 / 60","40 / 50","35 / 45",2300,3000,"93-95","96","35+","sa3002956"
"Franklin Perez","SP","DET",,30,"23.8416666",,"Rise","60 / 60","50 / 60","45 / 50","55 / 60","40 / 50",2050,2550,"87-90",,"35+","sa873722"
"Elvin Rodriguez","SP","DET",,31,"23.525",,"Rise/Tail","40 / 45","","50 / 50","50 / 55","40 / 50",2350,2400,"89-93","94","35+","sa873437"
"Jorge Rodriguez","SP","BOS",,38,"21.1222222",,"Rise","40 / 50","","45 / 50","45 / 55","35 / 55",2300,2900,"89-91","93","35+","sa3006074"
"Tyler Mattison","SIRP","DET",,32,"21.85",,"Rise","50 / 55","","55 / 60","","30 / 40",,,"92-95","100","35+",
"Victor Santos","SP","BOS",,39,"21.2416666",,"Tail","35 / 35","45 / 50","","","35 / 60",2150,2350,"87-91","92","35+","sa3003083"
"Nivaldo Rodriguez","SP","DET",,33,"24.4805555",,"Rise","45 / 45","50 / 50","55 / 55","45 / 50","50 / 50",2250,2850,"89-92","94","35+","22449"
"Po-Yu Chen","SP","PIT",,48,"20.0194444",,,"40 / 50","40 / 45","45 / 50","40 / 50","25 / 55",,,"91-92","93","35+","sa3014699"
"Andrew Politi","SIRP","BOS",,42,"25.3472222",,"Rise","55 / 55","50 / 55","","45 / 50","30 / 40",2450,2500,"92-95","96","35+","sa3007243"
"Angel De Jesus","SIRP","DET",,36,"24.6555555",,"Tail","65 / 65","45 / 45","","","30 / 35",2300,2400,"91-95","96","35+","sa921876"
"Owen Kellington","SP","PIT",,49,"18.4333333",,"Rise","40 / 50","","55 / 60","","20 / 50",,,"87-90","92","35+",
"Elmer Rodriguez-Cruz","SIRP","BOS",,43,"17.8972222",,"Tail","40 / 55","","40 / 50","30 / 50","20 / 45",,,"89-92","94","35+",
"Wladimir Pinto","SIRP","DET",,37,"23.6583333",,"Rise","60 / 60","45 / 50","","30 / 35","30 / 35",2450,2000,"94-97","98","35+","sa871482"
"Braxton Ashcraft","SIRP","PIT",,50,"22.0111111",,"Tail","35 / 45","50 / 55","45 / 50","40 / 45","40 / 50",2250,2400,"88-93","95","35+","sa3008470"
"Ryan Zeferjahn","SIRP","BOS",,44,"23.6083333",,"Rise","55 / 60","50 / 55","","40 / 45","30 / 45",2300,2250,"94-96","98","35+","sa3011217"
"Shane Drohan","SP","BOS",,45,"22.7555555",,"Rise","40 / 50","","55 / 60","40 / 45","30 / 40",2300,2650,"89-92","94","35+","sa3014447"
"Carlos Guzman","SIRP","DET",,39,"23.3972222",,"None","50 / 55","","40 / 45","50 / 60","35 / 50",2300,2150,"90-94","96","35+","sa871477"
"Alec Bettinger","SP","MIL",,30,"26.2388888",,"Rise","45 / 45","","50 / 55","","50 / 55",2400,,"89-92","94","35+","20312"
"Bradley Blalock","SP","BOS",,46,"20.7888888",,"Rise","40 / 55","40 / 50","30 / 45","30 / 40","30 / 45",,,"91-93","95","35+","sa3011809"
"Yerry De Los Santos","SIRP","PIT",,53,"23.825",,"Tail","55 / 60","50 / 55","","","35 / 40",2250,2400,"93-96","98","35+","sa873562"
"Luis De La Rosa","SP","BOS",,48,"19.2583333",,"Rise","35 / 50","45 / 50","45 / 50","45 / 55","25 / 55",,,"88-90","92","35+","sa3009778"
"Chris Murphy","MIRP","BOS",,49,"23.3444444",,"Rise","50 / 55","40 / 40","45 / 50","50 / 55","35 / 40",2350,2200,"89-93","95","35+","sa3011431"
"Angel Perdomo","SIRP","MIL",,34,"27.4222222",,"Sink","60 / 60","50 / 50","","","30 / 30",2500,2650,"93-96","97","35+","17759"
"Luis Perales","SIRP","BOS",,51,"18.4861111",,"Rise","40 / 55","","45 / 55","30 / 45","20 / 40",,,,"95","35+","sa3014677"
"Alexis Ramirez","SIRP","MIL",,36,"22.2194444",,"Rise","50 / 60","45 / 55","","","30 / 40",2150,,"91-95","96","35+","sa3006545"
"Wilkin Ramos","SP","PIT",,58,"20.9416666",,"Cut","45 / 60","","40 / 45","45 / 55","35 / 45",2150,2200,"89-93","95","35+","sa3006487"
"Braden Webb","SIRP","MIL",,37,"26.4555555","4/10/14","Rise","60 / 60","","60 / 60","50 / 55","40 / 45",2250,2300,"89-93","95","35+","sa876362"
"Andy Maldonado","SP","PIT",,59,"19.2166666",,"Tail","40 / 50","40 / 45","","45 / 55","35 / 50",2300,2000,"89-93","95","35+","sa3009607"
"Josh Gessner","SIRP","TEX",,47,"21.2888888",,"Sink/Tail","45 / 50","50 / 55","","","30 / 50",,,"92-94","96","35+","sa3011658"
"Jeremy Wu-Yelland","SIRP","BOS",,53,"22.2916666",,"Tail","50 / 55","50 / 55","","40 / 50","30 / 35",,,"90-93","96","35+","sa3014520"
"Cam Robinson","SIRP","MIL",,39,"22.0916666",,"Rise","50 / 50","","50 / 50","","30 / 40",2300,,"88-93","94","35+","sa3005216"
"Daniel Robert","SIRP","TEX",,49,"27.1083333","1/1/17",,"50 / 50","70 / 70","","","45 / 45",,,"94-95","96","35+","sa3009856"
"Evan Reifert","SIRP","MIL",,40,"22.4027777",,,"55 / 60","55 / 60","","","20 / 35",,,"94-97","98","35+","sa3014860"
"Nick Bennett","MIRP","MIL",,41,"24.1055555",,"Rise","45 / 45","50 / 55","55 / 55","45 / 45","35 / 40",2300,,"90-92","93","35+","sa3011410"
"Jake Latz","SP","TEX",,51,"25.5027777",,,"45 / 45","","55 / 55","40 / 45","45 / 50",,,"89-93","94","35+","21306"
"Fernery Ozuna","SIRP","TEX",,52,"25.9166666","8/1/18",,"55 / 60","45 / 50","","45 / 50","40 / 40",,,"94-97","100","35+","sa739259"
"Clayton Andrews","SIRP","MIL",,43,"24.7638888",,"Tail","30 / 30","45 / 45","","55 / 60","40 / 50",1950,2500,"85-91","93","35+","sa3007226"
"Patrick Weigel","SIRP","MIL",,44,"27.2527777","6/27/17","Tail","55 / 55","60 / 60","55 / 55","45 / 50","35 / 40",2350,3000,"91-95","98","35+","17792"
"Dylan MacLean","SP","TEX",,55,"19.2416666",,"Rise","30 / 50","","45 / 55","30 / 45","25 / 50",,,"88-90","91","35+","sa3014508"
"Scott Engler","SIRP","TEX",,60,"24.825","9/7/16",,"45 / 45","","","","40 / 40",,,"93-94","95","35+","sa918353"
"Jose Alberto Rivera","SIRP","HOU",,22,"24.6527777",,,"70 / 70","","55 / 55","","30 / 35",2350,2300,"93-97","99","35+","sa3003090"
"Hever Bueno","SIRP","TEX",,62,"26.8777777","6/10/16",,"60 / 60","50 / 55","","","30 / 35",2300,2600,"92-97","99","35+","sa738180"
"Jairo Lopez","SP","HOU",,23,"20.8833333",,,"50 / 50","55 / 55","50 / 50","40 / 45","35 / 50",2200,2850,"91-94","95","35+","sa3005824"
"Kelvin Gonzalez","SIRP","TEX",,63,"23.7916666",,,"60 / 60","","55 / 55","50 / 50","40 / 40",2450,,"94-96","98","35+","sa920544"
"Chayce McDermott","SIRP","HOU",,24,"22.8861111",,"Rise","55 / 60","40 / 45","50 / 55","","30 / 40",,,"92-95","98","35+","sa3017420"
"Manny Ramirez","SIRP","HOU",,26,"21.8833333",,,"55 / 60","","50 / 60","40 / 50","20 / 30",2450,2700,"92-95","97","35+","sa3004833"
"Brett Conine","SIRP","HOU",,27,"24.9805555",,"Rise","45 / 45","45 / 45","","55 / 60","45 / 50",2550,2300,"90-93","96","35+","sa3008024"
"Misael Tamarez","SP","HOU",,29,"21.7305555",,"Cut/Rise","45 / 55","","","50 / 55","35 / 50",,,"92-94","94","35+","sa3009632"
"Juan Pablo Lopez","SP","HOU",,30,"22.6444444",,,"40 / 40","","45 / 50","45 / 55","35 / 50",2300,2150,"90-93","94","35+","sa3004647"
"Julio Robaina","SP","HOU",,31,"20.5444444",,"Cut/Rise","40 / 45","","50 / 55","45 / 50","35 / 55",2200,2800,"89-92","94","35+","sa3006817"
"Diosmerky Taveras","SIRP","HOU",,32,"22.0444444",,,"60 / 65","45 / 50","","40 / 50","20 / 35",2150,2450,"94-97","98","35+","sa3004872"
"Victor Lizarraga","SP","SDP",,25,"17.8583333",,,"35 / 50","","45 / 55","20 / 50","25 / 55",,,"88-91","92","35+","sa3015220"
"Zayad Salinas","SP/OF","SDP",,26,"18.7388888",,,"40 / 50","","45 / 50","40 / 50","20 / 50",,,"87-91","92","35+",
"Brayan Medina","SP","SDP",,27,"19.0083333",,,"45 / 55","","45 / 55","30 / 45","30 / 45",,,"91-92","94","35+","sa3014705"
"Kevin Kopps","SIRP","SDP",,28,"24.3583333",,"Sink","40 / 40","60 / 60","","","60 / 60",,,"87-92","94","35+","sa3017005"
"Jagger Haynes","SP","SDP",,29,"19.0527777",,,"40 / 50","40 / 50","","35 / 50","20 / 50",,,"88--92","94","35+",
"Jackson Wolf","MIRP","SDP",,30,"22.2194444",,"Tail","40 / 45","55 / 60","","","35 / 55",,,"88-92","95","35+","sa3017384"
"Chase Walter","SIRP","SDP",,31,"23.2027777",,,"55 / 55","50 / 55","","","30 / 40",,,"94-96","98","35+","sa3015112"
"Evan Miller","SIRP","SDP",,32,"26.3694444",,,"55 / 55","60 / 60","","","40 / 45",2250,2750,"92-95","97","35+","sa915725"
"Pedro Avila","SP","SDP",,33,"24.7361111",,,"50 / 50","","55 / 55","55 / 60","45 / 50",2200,2750,"91-95","96","35+","18864"
"Ryan Bergert","SIRP","SDP",,37,"21.3416666",,"Rise","45 / 50","","60 / 60","","30 / 40",,,"89-92","94","35+","sa3017418"
"Cade Povich","SP","MIN",,32,"21.2472222",,"Rise","35 / 45","","50 / 55","35 / 50","35 / 60",2100,2100,"86-92","96","35+","sa3017787"
"Mason Fox","SIRP","SDP",,38,"24.7555555",,,"55 / 60","","55 / 55","","40 / 40",2450,2550,"90-94","95","35+","sa3007460"
"Luis Rijo","SP","MIN",,34,"23.0916666",,"None","40 / 40","","55 / 55","45 / 50","50 / 60",2050,2650,"90-94","96","35+","sa916950"
"Irv Carter","SP","TOR",,23,"18.7583333",,"Rise","40 / 45","50 / 55","","45 / 55","25 / 55",,,"91-93","95","35+",
"Yennier Cano","SIRP","MIN",,37,"27.5833333",,"Sink","50 / 50","50 / 55","","","45 / 45",2150,2500,"92-95","97","35+","sa3011688"
"Kirby Snead","SIRP","TOR",,26,"27.0055555",,"Sink/Tail","45 / 45","55 / 55","","45 / 50","45 / 45",2550,2750,"92-94","95","35+","19179"
"Dany Jimenez","SIRP","TOR",,27,"25.7944444",,"Rise","60 / 60","60 / 60","","","30 / 30",2450,2400,"93-96","97","35+","21170"
"Michael Rucker","MIRP","CHC",,45,"27.45",,"Tail","55 / 55","55 / 55","50 / 50","45 / 50","45 / 50",2250,2600,"94-97","99","35+","19454"
"Nick Frasso","SP","TOR",,29,"22.975",,"Rise","45 / 55","","40 / 45","40 / 50","30 / 50",2350,2100,"91-93","95","35+","sa3014492"
"Jeremiah Estrada","SIRP","CHC",,47,"22.9388888","8/25/19","Tail","50 / 55","","45 / 45","60 / 60","30 / 40",2350,2400,"92-95","96","35+","sa3005339"
"Hobie Harris","SIRP","TOR",,30,"28.2944444",,,"70 / 70","","45 / 45","","30 / 35",,,"96-98","101","35+","sa876068"
"Ethan Roberts","SIRP","CHC",,48,"24.2638888",,"Cut","45 / 45","","70 / 70","","35 / 40",,,"90-94","95","35+","sa3008132"
"Curtis Taylor","MIRP","TOR",,31,"26.2055555",,"Rise","45 / 55","55 / 55","","45 / 50","40 / 45",2350,2300,"93-97","98","35+","sa917970"
"Eury Ramos","SIRP","CHC",,49,"23.9972222",,"Rise/Cut","65 / 65","45 / 50","","","40 / 45",,,"95-99","100","35+","sa873729"
"Roither Hernandez","SIRP","TOR",,33,"23.5944444",,"Rise","60 / 65","40 / 55","","30 / 40","30 / 35",2350,2450,"95-98","99","35+","sa3004333"
"Naswell Paulino","SIRP","TOR",,34,"21.4777777",,"Rise","40 / 55","","45 / 55","","30 / 40",2450,2550,"90-92","93","35+","sa3002998"
"Tyler Schlaffer","SP","CHC",,52,"20.375",,"Rise","45 / 50","","45 / 50","45 / 55","20 / 45",2150,2250,"91-93","95","35+","sa3011815"
"Koen Moreno","SP","CHC",,53,"20.1888888",,,"40 / 50","","45 / 50","35 / 50","35 / 55",,,"88-92","94","35+","sa3014509"
"Bailey Horn","MIRP","CHC",,54,"23.7333333","2/1/18","Rise","55 / 60","50 / 55","50 / 50","","40 / 45",2250,2500,"93-95","98","35+","sa3014493"
"Richard Gallardo","SP","CHC",,55,"20.0916666",,"Sink","45 / 45","","45 / 45","50 / 55","35 / 55",1950,2250,"89-93","94","35+","sa3009990"
"Dakota Mekkes","SIRP","CHC",,57,"26.925",,,"55 / 55","55 / 55","","55 / 55","35 / 35",2300,2400,"91-93","96","35+","sa915807"
"Luke Little","SIRP","CHC",,58,"21.1083333",,,"65 / 70","50 / 55","","","30 / 35",,,"94-97","99","35+","sa3014514"
"Collin Snider","SIRP","KCR",,37,"25.9972222",,"Tail","55 / 55","50 / 55","","","50 / 60",,,"93-95","96","35+","sa3004093"
"Carlos Sanabria","SIRP","KCR",,38,"24.7083333",,,"60 / 60","40 / 40","45 / 45","50 / 50","35 / 40",2400,2350,"93-97","99","35+","16634"
"Kasey Kalich","SIRP","KCR",,39,"23.4555555",,"Tail","55 / 55","","50 / 55","","30 / 40",,,"91-95","97","35+","sa1169633"
"Yefri Del Rosario","SIRP","KCR",,40,"22.0444444",,,"50 / 50","","50 / 55","40 / 45","35 / 45",2200,2400,"91-94","96","35+","sa3002971"
"Eric Cerantola","SIRP","KCR",,42,"21.1916666",,"Tail","55 / 60","55 / 60","55 / 55","45 / 55","30 / 40",,,"92-95","97","35+","sa3017914"
"Devin Sweet","MIRP","SEA",,25,"25.0916666",,,"45 / 45","","45 / 45","55 / 60","45 / 55",2250,2350,"90-93","95","35+","sa3008340"
"Samuel Valerio","SIRP","KCR",,43,"20.0027777",,"Tail","60 / 70","","40 / 45","45 / 50","30 / 45",2400,2250,"94-97","99","35+","sa3009220"
"Elvis Alvarado","SIRP","SEA",,26,"22.6277777",,,"60 / 70","40 / 50","","","35 / 40",2550,2250,"92-95","98","35+","sa919291"
"Anderson Paulino","MIRP","KCR",,44,"23.075",,"Sink/Tail","60 / 60","45 / 55","","","40 / 45",,,"95-97","98","35+","sa3007991"
"Calvin Ziegler","RHP","NYM",,22,"18.7722222",,"Tail","50 / 55","40 / 50","","30 / 45","20 / 45",,,"92-94","96","35+",
"Bryan Woo","SIRP","SEA",,27,"21.4472222",,,"55 / 60","30 / 40","","20 / 50","30 / 40",,,"93-96","98","35+",
"Anthony Veneziano","SIRP","KCR",,45,"24.1055555",,"Tail","50 / 55","","","50 / 55","30 / 40",,,"94-96","97","35+","sa1115745"
"Marcel Renteria","SIRP","NYM",,23,"27.0333333",,"Tail","50 / 55","","70 / 70","","30 / 35",,,"93-95","96","35+","sa3005016"
"Zach Haake","SIRP","KCR",,46,"25.0027777",,,"60 / 60","55 / 60","","40 / 45","30 / 35",2400,2500,"92-95","97","35+","sa3008523"
"Joander Suarez","SP","NYM",,24,"21.6166666",,"Rise","45 / 50","50 / 55","","40 / 50","40 / 50",2350,,"91-94","95","35+","sa3008263"
"Eduardo Herrera","SIRP","KCR",,48,"21.7611111",,"Rise","60 / 70","","45 / 50","","30 / 40",2400,2250,"94-96","97","35+","sa3002702"
"Roel Ramirez","SIRP","NYM",,26,"26.3694444",,"Cut","45 / 45","45 / 45","","","40 / 40",2350,2700,"92-96","97","35+","16470"
"Kristian Cardozo","SP","SEA",,31,"18.9138888",,,"40 / 50","","45 / 50","40 / 50","30 / 50",,,"87-91","92","35+","sa3014706"
"Drew Parrish","SP","KCR",,49,"23.8361111",,,"35 / 40","","45 / 45","50 / 55","35 / 50",2250,2700,"87-90","92","35+","sa3011395"
"Ty Adcock","SIRP","SEA",,32,"24.6722222",,,"65 / 65","45 / 50","40 / 50","45 / 50","30 / 35",,,"94-97","100","35+","sa3014482"
"Noah Murdock","SP","KCR",,50,"23.1361111",,"Sink","55 / 55","","55 / 55","45 / 50","40 / 50",2150,2800,"90-95","97","35+","sa919012"
"Michel Otanez","SIRP","NYM",,28,"24.2666666","10/1/16","Sink/Tail","55 / 60","45 / 50","","","30 / 40",2200,,"90-97","99","35+","sa932611"
"Mason Denaburg","SP","WSN",,24,"22.1694444",,,"55 / 60","","60 / 60","50 / 55","30 / 50",2300,2400,"92-95","98","35+","sa3010648"
"Woo-Young Jin","SP","KCR",,53,"20.6222222",,,"30 / 40","","40 / 45","","35 / 50",2050,,"85-88","91","35+","sa3010132"
"Daniel Tillo","SIRP","KCR",,55,"25.3222222","7/29/20",,"60 / 60","50 / 50","","40 / 45","35 / 40",2250,2200,"92-95","97","35+","sa876284"
"Hunter Schryver","SIRP","CHW",,21,"26.5166666","2/20/20","Rise","60 / 60","50 / 50","","","45 / 55",2400,1050,"90-93","94","35+","sa873263"
"Caleb Freeman","SIRP","CHW",,22,"23.6277777",,"Rise","55 / 60","","55 / 60","","30 / 35",2400,3050,"92-95","97","35+","sa3011339"
"Patrick Murphy","SIRP","WSN",,30,"26.3305555",,"Sink","60 / 60","","50 / 50","","45 / 45",2100,2300,"93-97","99","35+","19712"
"Tanner McDougal","SP","CHW",,23,"18.2722222",,"Sink","40 / 50","40 / 50","","40 / 50","20 / 50",,,"90-92","94","35+","sa3017471"
"Holden Powell","SIRP","WSN",,31,"22.0833333",,,"60 / 60","50 / 55","","","30 / 40",2200,2650,"94-97","99","35+","sa3014854"
"Zach Brzykcy","SIRP","WSN",,32,"22.2416666",,"Rise/Tail","60 / 60","","55 / 60","","30 / 35",2300,2550,"94-98","99","35+","sa3014984"
"Jimmy Lambert","SIRP","CHW",,25,"26.8916666","6/21/19","Tail","45 / 50","50 / 55","50 / 55","50 / 55","45 / 50",2200,2750,"91-94","95","35+","19541"
"Reid Schaller","SIRP","WSN",,33,"24.5194444","1/1/16",,"45 / 55","50 / 55","","40 / 45","45 / 50",2450,2400,"91-94","96","35+","sa3008023"
"Todd Peterson","SP","WSN",,34,"23.7138888",,,"55 / 60","50 / 55","","","35 / 45",,,"93-95","96","35+","sa3011334"
"Jose Marte","SIRP","LAA",,25,"25.3194444",,"Tail","70 / 70","55 / 60","","","30 / 30",,,"97-100","101","35+","21761"
"Brendan Beck","SP","NYY",,29,"22.7638888",,"Sink","35 / 40","40 / 45","50 / 55","40 / 45","35 / 60",,,"87-90","94","35+",
"Elvis Peguero","SIRP","LAA",,26,"24.5527777",,"Tail","60 / 60","55 / 60","","","35 / 50",,,"92-95","97","35+","21652"
"Brock Selvidge","MIRP","NYY",,30,"18.8694444",,,"40 / 50","","45 / 55","","20 / 40",,,"90-94","95","35+",
"Janson Junk","SP","LAA",,27,"25.7333333",,"Rise","50 / 50","50 / 55","55 / 60","","55 / 60",2450,,"91-93","96","35+","23301"
"Nelson L Alvarez","SIRP","NYY",,31,"23.3277777",,"Cut","50 / 55","50 / 55","","","30 / 40",2450,2550,"94-96","97","35+","sa3010783"
"Kyle Tyler","SP","LAA",,28,"24.7833333",,"Rise","50 / 50","45 / 50","45 / 45","45 / 50","50 / 55",,,"92-95","96","35+","22092"
"Luke Murphy","SIRP","LAA",,29,"21.9277777",,"Rise","60 / 60","40 / 45","40 / 40","35 / 40","30 / 40",2450,2450,"95-97","99","35+","sa3017653"
"Jose Salvador","SIRP","LAA",,30,"22.05",,"Rise","45 / 55","","50 / 50","30 / 35","35 / 40",2400,2500,"89-91","93","35+","sa3006482"
"Alfredo Garcia","SIRP","NYY",,34,"22.2138888",,"Tail","45 / 50","","45 / 50","50 / 55","40 / 45",2300,1850,"90-94","95","35+","sa3003045"
"Chase Silseth","SIRP","LAA",,31,"21.3916666",,"Sink","45 / 50","45 / 50","40 / 45","45 / 55","30 / 40",2250,2500,"93-95","98","35+","sa3017871"
"Eric Silva","SP","SFG",,37,"18.7722222",,"Sink","40 / 45","20 / 50","45 / 50","40 / 50","25 / 60",,,"89-93","94","35+",
"Landon Marceaux","MIRP","LAA",,32,"22.0027777",,,"40 / 40","55 / 60","55 / 55","30 / 40","35 / 55",2200,2800,"89-93","95","35+","sa3017913"
"Trevor McDonald","SP","SFG",,38,"20.6194444",,"Tail","45 / 50","45 / 55","","40 / 55","30 / 50",2200,2350,"90-94","96","35+","sa3011835"
"Cooper Criswell","SP","LAA",,33,"25.2083333",,"Tail","40 / 40","45 / 45","","50 / 50","50 / 50",,,"86-89","91","35+","24975"
"Osiel Rodriguez","SP","NYY",,37,"19.8805555",,"Tail","30 / 60","45 / 55","50 / 60","45 / 55","35 / 50",,,"86-89","90","35+","sa3009991"
"Luis Mey","SIRP","CIN",,25,"20.2916666",,"Rise","55 / 60","","40 / 45","35 / 45","30 / 45",2050,2250,"95-97","98","35+","sa3010130"
"Connor Higgins","SIRP","LAA",,34,"25.2166666",,"Rise","55 / 55","50 / 55","","","30 / 35",2250,,"91-94","97","35+","sa3006808"
"Mason Black","SIRP","SFG",,40,"21.5861111",,"Tail","50 / 55","30 / 50","40 / 45","45 / 55","30 / 40",,,"92-96","98","35+",
"Jacob Heatherly","MIRP","CIN",,26,"23.3861111",,"Tail","45 / 50","","45 / 50","50 / 55","30 / 40",1800,1950,"90-94","95","35+","sa3004736"
"Ivan Armstrong","MIRP","LAA",,35,"21.2",,,"55 / 60","50 / 55","","","35 / 40",,,"93-97","98","35+","sa3006358"
"Randy Vasquez","MIRP","NYY",,39,"22.9333333",,"Cut/Rise","45 / 50","","55 / 60","40 / 45","40 / 45",2500,3150,"90-94","95","35+","sa3007933"
"Esmerlin Vinicio","SP","SFG",,41,"18.6916666",,,"20 / 50","","40 / 55","50 / 60","35 / 55",,,"83-85","86","35+","sa3014708"
"Gabriel Tapia","SP","LAA",,36,"19.3861111",,"Rise","40 / 45","","45 / 50","50 / 55","20 / 45",2300,,"90-93","94","35+","sa3009779"
"Yoljeldriz Diaz","SP","NYY",,40,"20.2361111",,"Rise","40 / 45","35 / 55","50 / 60","40 / 45","35 / 50",2150,2900,"90-92","93","35+","sa3010248"
"Kevin Abel","MIRP","CIN",,28,"22.3944444","4/15/19","Rise","40 / 40","","50 / 55","60 / 60","35 / 60",,,"87-91","94","35+","sa3017879"
"Oliver Ortega","SIRP","LAA",,37,"25.0194444",,"Rise","55 / 55","","55 / 55","","30 / 35",2300,,"92-96","97","35+","21025"
"Raffi Vizcaino","SIRP","SFG",,43,"25.8527777",,"Rise/Tail","60 / 60","55 / 55","","50 / 50","30 / 30",2450,2700,"94-97","98","35+","sa736742"
"Brandon Bailey","SIRP","CIN",,29,"26.9722222","2/26/21","Rise","50 / 50","45 / 50","55 / 55","60 / 60","40 / 40",2550,2600,"89-93","94","35+","19582"
"Gerardo Reyes","SIRP","LAA",,38,"28.4055555","3/10/21","Tail","60 / 60","55 / 55","","","30 / 30",2450,2400,"95-98","99","35+","16306"
"Jake Agnos","MIRP","NYY",,42,"23.3777777",,"Rise","45 / 45","","45 / 45","50 / 55","40 / 50",2300,1850,"88-92","93","35+","sa1054040"
"Hector Perez","SIRP","CIN",,30,"25.3416666",,"Cut/Rise","60 / 60","50 / 55","","","20 / 30",2350,2350,"91-95","96","35+","18592"
"Jacob Steinmetz","SP","ARI",,38,"17.9777777",,"Rise/Tail","40 / 50","","45 / 55","30 / 45","20 / 50",,,"87-92","94","35+",
"Eduardo Salazar","MIRP","CIN",,31,"23.4277777",,"Rise","55 / 55","40 / 45","","40 / 45","45 / 55",2350,,"94-96","99","35+","sa3003131"
"Cole Waites","SIRP","SFG",,46,"23.3305555",,"Cu/Rise","70 / 70","45 / 55","","","20 / 35",,,"96-99","100","35+","sa3011556"
"Robinson Pina","SIRP","LAA",,41,"22.8694444",,,"50 / 60","","50 / 55","40 / 45","20 / 30",2450,,"89-93","95","35+","sa3003123"
"Dedniel Nunez","SIRP","SFG",,47,"25.3444444","3/20/21",,"60 / 60","60 / 60","","","35 / 40",2600,,"93-94","96","35+","sa3004203"
"Junior Mieses","SIRP","ARI",,40,"21.9833333",,"Cut/Rise","45 / 55","45 / 50","","","30 / 45",2450,2300,"90-93","95","35+","sa3005258"
"Miguel Medrano","SIRP","CIN",,33,"23.7638888",,"Rise","40 / 45","","45 / 50","55 / 60","45 / 60",2200,2500,"89-92","93","35+","sa947763"
"Bobby Ay","SIRP","ARI",,42,"24.3638888",,"Tail","40 / 50","50 / 60","40 / 45","","40 / 50",2150,2800,"90-92","93","35+","sa3011535"
"Joe Boyle","SIRP","CIN",,35,"22.1527777",,"Tail","80 / 80","50 / 55","","","20 / 30",2550,2500,"98-101","102","35+","sa3014498"
"West Tunnell","SIRP","ARI",,43,"27.8861111",,"Cut/Rise","60 / 60","50 / 55","","","35 / 40",2500,2600,"93-96","97","35+","sa3002749"
"Matt Mercer","SIRP","ARI",,44,"25.1055555",,"Rise","45 / 55","40 / 40","45 / 45","55 / 55","40 / 40",2150,2450,"88-93","96","35+","sa3007837"
"Avery Short","SP","ARI",,45,"20.5694444",,"Rise","30 / 40","45 / 50","45 / 50","30 / 45","25 / 60",,,"88-92","93","35+","sa3011712"
"Edinson Soto","SIRP","ARI",,46,"25.0611111",,"Cut/Rise","50 / 55","45 / 55","50 / 55","","",2400,2800,"92-95","96","35+","sa3009831"
"Luis Castillo","SIRP","ARI",,47,"26.5805555",,"Tail","45 / 45","50 / 50","","55 / 55","50 / 50",,,"90-92","94","35+","sa657838"
"Austin Love","SIRP","STL",,20,"22.4583333",,,"50 / 60","50 / 55","","","30 / 45",,,,,"35+","sa3017609"
"Andre Pallante","SP","STL",,22,"23.0583333",,"Cut","40 / 45","50 / 55","50 / 50","40 / 45","35 / 50",2150,,"90-93","95","35+","sa3011186"
"Aiden McIntyre","SIRP","OAK",,24,"26.1166666",,"Rise/Tail","55 / 65","40 / 45","","45 / 55","30 / 40",,,"92-95","96","35+","sa3007733"
"Eduardo Rivera","SIRP","OAK",,25,"18.0777777",,"Rise","55 / 60","","50 / 55","","20 / 40",,,"93-96","97","35+","sa3017951"
"Jorge Juan","SP","OAK",,26,"22.5916666",,,"60 / 60","40 / 45","40 / 45","40 / 50","30 / 50",,,"93-97","98","35+","sa3005826"
"Steven Gingery","SP","STL",,26,"24.025",,,"40 / 45","","45 / 45","55 / 60","35 / 50",2000,2300,"88-93","94","35+","sa3011747"
"Jesus Cruz","SIRP","STL",,27,"26.4833333",,"Sink","55 / 55","55 / 55","","50 / 50","30 / 35",2200,2750,"94-96","98","35+","20042"
"Connor Jones","SIRP","STL",,28,"26.9972222",,"Sink","55 / 55","50 / 55","","40 / 40","35 / 35",1900,2600,"92-95","97","35+","sa738697"
"A.J. Smith-Shawver","SP","ATL",,22,"18.6416666",,"Rise/Tail","45 / 55","","","","20 / 45",,,"89-93","95","35+",
"Wandisson Charles","SIRP","OAK",,31,"25.0888888",,,"70 / 70","50 / 55","","","30 / 35",2200,,"94-98","99","35+","sa874818"
"Griffin Roberts","SIRP","STL",,30,"25.3222222",,"Tail","40 / 45","55 / 60","","40 / 40","40 / 40",2250,2700,"90-93","95","35+","sa3008483"
"Adam Shoemaker","SIRP","ATL",,23,"18.6416666",,"Rise","50 / 60","","40 / 50","40 / 50","20 / 40",,,"91-95","97","35+",
"Rodard Avelino","SIRP","STL",,31,"22.35",,"Cut/Rise","60 / 70","45 / 60","","","20 / 30",2600,2750,"94-98","99","35+","sa3003040"
"Darius Vines","SP","ATL",,24,"23.4416666",,"Cut/Rise","45 / 50","","45 / 50","55 / 60","35 / 50",2350,,"88-92","94","35+","sa918848"
"Jose Mora","SIRP","OAK",,33,"24.0222222",,"Tali","45 / 45","55 / 60","","","30 / 35",2000,2500,"90-93","94","35+","sa875839"
"Jared Johnson","SP","ATL",,25,"20.5666666",,"Sink","55 / 60","45 / 55","","","30 / 50",1850,,"94-97","99","35+","sa3011626"
"Nolan Kingham","SP","ATL",,28,"25.1416666",,"None","50 / 55","40 / 45","","40 / 45","45 / 55",2200,,"92-94","96","35+","sa3008224"
"Nick Nastrini","SIRP","LAD",,38,"21.3972222",,"Rise","60 / 70","","50 / 55","","30 / 35",2500,2500,"94-96","98","35+","sa3017413"
"Octavio Becerra","SIRP","LAD",,39,"20.6833333",,"Rise","40 / 45","55 / 60","","45 / 60","30 / 45",,,"90-93","94","35+","sa3008303"
"Xzavion Curry","SP","CLE",,36,"23.2",,"Rise","45 / 50","45 / 50","50 / 50","40 / 45","35 / 55",,,"89-94",,"35+","sa3014790"
"Juan Morillo","SIRP","LAD",,42,"22.5555555",,"Rise","50 / 55","50 / 55","","30 / 40","30 / 45",2300,2550,"92-94","96","35+","sa917772"
"Peyton Battenfield","SIRP","CLE",,38,"24.1638888",,,"50 / 55","","45 / 45","45 / 50","35 / 45",2350,,"92-95",,"35+","sa3010133"
"Osvanni Gutierrez","SP","LAD",,43,"20.375",,"Tail","35 / 50","","30 / 45","50 / 70","20 / 45",,,"90-92","93","35+","sa3009730"
"Kyle Hurt","SP","LAD",,44,"23.3583333",,"Tail/Rise","45 / 50","40 / 45","","50 / 55","30 / 50",2100,2300,"91-94","95","35+","sa3016453"
"Jose Martinez","SIRP","LAD",,46,"22.4611111",,"Sink","45 / 50","40 / 45","","55 / 60","40 / 50",2250,2400,"91-95","97","35+","sa3002796"
"Cam Hill","SIRP","CLE",,42,"27.375",,"Rise","50 / 50","55 / 55","50 / 50","","40 / 40",2300,2750,"91-94","95","35+","16840"
"Gus Varland","SIRP","LAD",,47,"24.925","8/1/19",,"50 / 55","50 / 55","45 / 50","","40 / 45",2450,2350,"92-94","95","35+","sa3007779"
"Robert Broom","SIRP","CLE",,43,"25.0611111",,"Sink/Tail","40 / 40","55 / 55","","","50 / 55",2100,,"87-90","92","35+","sa3007235"
"Scott Moss","MIRP","CLE",,44,"27.0083333",,"Rise","55 / 55","50 / 50","","50 / 50","35 / 40",2400,2400,"89-93","95","35+","sa738902"
"Kelvin Bautista","SIRP","LAD",,50,"22.2555555",,,"60 / 60","","50 / 55","","20 / 30",,,"94-97","98","35+","sa3006491"
"Adam Scott","SIRP","CLE",,46,"25.9972222",,"Tail","50 / 55","55 / 60","","40 / 45","45 / 55",2250,,"90-93","95","35+","sa3006826"
"Guillermo Zuniga","SIRP","LAD",,51,"22.9972222",,"Tail","55 / 60","55 / 60","","40 / 45","30 / 40",2350,2450,"91-96","97","35+","sa945024"
"Cristopher Sanchez","MIRP","PHI",,30,"24.825",,"Sink","50 / 55","45 / 45","45 / 45","50 / 55","40 / 45",2250,2200,"89-94","95","35+","20778"
"Mauricio Llovera","SIRP","PHI",,31,"25.4777777",,"Tail","50 / 50","","45 / 45","","40 / 40",2000,2400,"93-95","96","35+","20080"
"Griff McGarry","MIRP","PHI",,32,"22.0916666",,"Tail","55 / 60","55 / 60","","60 / 60","30 / 35",,,"93-96","98","35+","sa3017130"
"Julian Garcia","MIRP","PHI",,33,"26.1611111",,"Rise","55 / 55","","55 / 55","50 / 50","50 / 50",2700,2800,"87-90","91","35+","sa918182"
"Damon Jones","SIRP","PHI",,34,"27.025",,"Rise","55 / 55","60 / 60","","","30 / 35",2350,2700,"91-94","96","35+","23310"
"Brent Honeywell Jr.","SIRP","TBR",,35,"26.525","2/27/18",,"60 / 60","","50 / 55","60 / 65","45 / 55",2400,2600,"92-94","97","35+","16466"
"Kyle Dohy","SIRP","PHI",,35,"25.0611111",,"Tail","50 / 50","40 / 40","","60 / 60","30 / 30",2400,2450,"90-93","96","35+","20334"
"Colby White","SIRP","TBR",,36,"23.2638888",,"Cut/Rise","55 / 60","50 / 55","","","30 / 40",2350,,"92-95","97","35+","sa3011200"
"Brendan McKay","SP","TBR",,37,"25.8083333",,"Sink","55 / 55","","55 / 55","50 / 55","55 / 70",2250,2050,"91-95","96","35+","20186"
"Brooks Kriske","SIRP","BAL",,33,"27.6833333",,"Rise","60 / 60","50 / 50","","","35 / 35",2500,2450,"92-96","98","35+","21189"
"Ramon Rosso","MIRP","PHI",,39,"25.3333333",,"Cut","","50 / 50","","","40 / 40",2600,2550,"94-96","97","35+","20368"
"Carlos Garcia","SIRP","TBR",,40,"22.8638888",,"Rise","55 / 60","45 / 50","","40 / 50","30 / 40",2600,2500,"90-94","95","35+","sa3006590"
"Victor Munoz","SIRP","TBR",,41,"20.7888888",,,"45 / 55","","45 / 50","40 / 50","35 / 50",2300,2250,"90-93","95","35+","sa3006381"
"Kevin Smith","SIRP","BAL",,37,"24.4055555",,"Tail","45 / 45","50 / 55","","45 / 50","45 / 50",2450,,"87-90","92","35+","sa3007710"
"Jose Pena Jr.","SIRP","PHI",,41,"18.0083333",,,"45 / 50","","50 / 60","40 / 45","20 / 45",,,"92-95","96","35+","sa3017821"
"Hsin-Chieh Lin","SP","PHI",,42,"22.5583333",,"Rise","40 / 45","40 / 50","","40 / 50","35 / 50",2450,2450,"89-92","94","35+","sa3008535"
"Graeme Stinson","MIRP","TBR",,43,"24.175",,,"40 / 60","60 / 70","","40 / 40","35 / 45",2300,2650,"93-95","98","35+","sa3011900"
"Zack Burdi","SIRP","BAL",,39,"26.5833333","7/27/17","Tail","65 / 65","55 / 55","","55 / 55","30 / 35",2600,2700,"96-98","100","35+","19159"
"Nicoly Pina","SP","PHI",,43,"22.0027777",,"Rise","55 / 60","45 / 55","","","30 / 40",2300,2350,"93-96","97","35+","sa3005875"
"Andrew Schultz","SIRP","PHI",,44,"24.1916666",,"Tail","70 / 70","45 / 50","","35 / 40","30 / 35",2450,,"96-99","100","35+","sa3010782"
"Blaine Knight","SIRP","BAL",,42,"25.2805555",,"Rise/Tail","45 / 50","50 / 50","55 / 60","40 / 45","40 / 45",2250,2950,"91-94","97","35+","sa3008532"
"Joel Peguero","SIRP","TBR",,47,"24.4277777",,"Tail","70 / 70","55 / 60","","","35 / 40",2300,2500,"93-97","98","35+","sa917689"
"Sandy Gaston","SIRP","TBR",,48,"19.8138888",,"Rise","55 / 65","","45 / 50","45 / 50","30 / 45",2100,2150,"93-96","97","35+","sa3011136"
"Brenan Hanifee","SP","BAL",,44,"23.3611111",,"Sink","55 / 60","45 / 50","","","45 / 50",2050,2100,"91-93","95","35+","sa917973"
"Jake Zebron","SP","BAL",,45,"21.6805555",,"Rise","40 / 45","","50 / 60","30 / 45","35 / 50",2100,2700,"88-92","94","35+","sa3007250"
"Ignacio Feliz","SP","BAL",,46,"21.9611111",,"Cut","40 / 45","","50 / 55","40 / 50","40 / 50",2350,2600,"86-90","92","35+","sa3002982"
"Audry Lugo","SIRP","TBR",,51,"22.9444444",,"Cut","45 / 55","","55 / 60","40 / 45","40 / 50",2300,2750,"92-94","96","35+","sa3008710"
"Felix Bautista","SIRP","BAL",,47,"26.3027777",,"Tail","65 / 65","","","","30 / 35",2450,,"93-98","100","35+","sa737480"
"Will Ethridge","SP","COL",,31,"23.8027777",,"Tail","40 / 40","45 / 50","","50 / 50","35 / 60",2200,2150,"90-95","96","35+","sa3011337"
"Luis Vizcaino","MIRP","MIA",,32,"20.25",,,"40 / 45","","60 / 70","","30 / 50",,,,,"35+","sa3011812"
"Antonio Santos","SIRP","COL",,32,"25.0083333",,"Rise","55 / 55","50 / 50","45 / 45","50 / 50","40 / 40",2200,2200,"92-95","97","35+","20383"
"Andrew Nardi","SIRP","MIA",,33,"23.1416666",,,"45 / 45","55 / 60","","","45 / 55",,,"86-90",,"35+","sa3011234"